L_mm,W_mm,inset_mm,feedWidth_mm,h_mm,eps_r,f_target_GHz
35.17319518636583,44.782572107658915,12.646489495159088,5.517491871580796,2.4103866719850915,3.435928598332891,2.249080237694725
53.05759622989392,63.46311291844645,19.120498936962562,2.7016865741263985,0.9277839467700388,2.4027928764370636,1.8120372808848733
28.85417299360898,37.168371641039734,10.173235680899799,5.992801546211444,2.631373809760928,3.4608828078105924,2.702230023486418
50.95532214067742,61.384975398475525,18.076250244606292,4.238079181166353,1.4693329345109831,2.438425862809464,1.8636499344142012
38.57861943041356,47.437581162866266,13.408360310724715,5.968407671042536,2.146076368389235,2.5785978822574545,2.3638900372842317
43.29985002399196,53.08166477347458,15.514122281722678,4.893884342128337,1.8033539652774793,2.6762703962817995,2.0842892970704363
45.87328044315326,56.78455730697591,15.993887021635647,5.449865481266007,2.1033120514964936,2.868504769937695,1.8993475643167195
35.125992526042744,42.23789751192773,12.676532073262445,2.732448229141891,0.943113504567615,2.421681360793479,2.7150897038028767
23.742465598952478,29.985467545051034,8.338458856352505,3.4976165154589247,1.4701502921814156,3.2509165525513994,3.4312640661491187
31.038376414583077,38.076698762642486,11.025809977591436,2.832568295504574,1.0684841166585135,2.772198241861482,2.868466053024314
51.67789733580445,64.59561999368084,18.736270751423977,3.169279595941185,1.3693159595200373,3.382116522702417,1.5687770422304368
40.92084450585445,50.74264191324671,14.340525177447244,5.1801290518830845,2.0027626145552153,2.8760884275311542,2.1234221521788217
23.067519265145254,30.069882672077448,8.233991923077335,6.884025169712182,2.866897671441216,3.207672670369449,3.439169255529117
29.935168146659436,37.52057032987818,10.64609954394185,2.2944545764677566,0.9946835045142229,3.398436505530052,2.6957999576221705
57.64233479503826,70.07369992876906,20.272841214751455,4.55163176141375,1.6550900373168604,2.6229294299922437,1.5904545778210761
28.531498077124237,35.09956062238179,10.10471857598088,3.8602001592678934,1.4180559213122377,2.6637793247016663,3.1574750183038587
46.52887475326628,57.797139297649835,17.04650153198348,2.297411670771832,0.9640114160954959,3.2428560749802515,1.7818484499495253
31.109467381525125,37.467829091294384,11.171608922314634,2.3301983671765587,0.8121486576719253,2.458330385994424,3.044489538593315
28.00072626699438,35.74827395803497,9.74061934906611,6.07373280580766,2.4967947627090807,3.1477093184532836,2.9137146876952342
42.77051497683679,52.27460611781754,15.098655648658921,7.970964952789936,2.6988275369263057,2.350629777382669,2.2169314570885454
45.2534613659029,54.16027303224657,15.910283409398131,4.466789810112953,1.484161107774457,2.282625855371831,2.1617960497052984
27.922911682654675,35.714201033076414,9.818528036096556,6.872805274748032,2.7518680336679187,3.0288247127617773,2.9592123566761277
47.943889968746184,60.038645751037286,17.14038044635263,6.044655829089527,2.4737271069571745,3.1272182233898937,1.7391884918766034
28.442148898419187,35.57799362300438,10.014215037404002,5.084322290913282,1.950012224640387,2.841934275273708,3.041934359909122
62.898642560658175,74.84274194583395,22.4778313436618,2.5743209385574195,0.8691442085108154,2.340258855091296,1.5508382534881904
40.50533142681869,50.71442140420287,14.163549442201099,7.258880298642579,2.796646242637405,2.8611418985141137,2.1287119621526536
35.85944171247102,44.69631076119549,12.622747479067165,3.146870498783695,1.3033559640815695,3.1822164801059634,2.3207658460712595
45.075034790953374,55.245358247970316,16.03375254068292,8.270437204718903,2.845334835153661,2.409587673430206,2.0795029058275363
28.707353921870705,36.83308026289844,10.080180586884387,6.004926618190453,2.568078569178052,3.332898767244033,2.7668075130208467
25.62674316216165,32.69333629850221,9.130652170067522,6.624953736511766,2.5763683413609377,2.901144914490346,3.2851179969799555
45.32448892064831,54.31640558487171,16.013452182912246,3.8518190850059217,1.3014573575922719,2.34306750188598,2.1360069499437278
27.579155009560356,34.41193994140712,9.648805630613285,4.4570113268224265,1.718304206927314,2.8639714933508356,3.1360295318449865
51.857034922656325,63.92035481165416,18.17364106492339,7.873267652848393,2.874401348607542,2.6388997228247164,1.7397307346673656
32.97190538234254,41.21526865088618,11.984349997852215,3.9210647864569563,1.5999851252344468,3.1139246465637314,2.537581243486732
26.644022641841065,32.97894835771343,9.2780827004728,5.336963619000182,1.8939467129632481,2.5273169845729737,3.4248945898842225
47.279498070911416,56.87193126036319,16.691762410051133,6.507050958311936,2.1410415347557734,2.247953031560893,2.0696809887549352
57.27116795338091,70.11688852220662,20.014676206580624,7.814521130566302,2.798184949126638,2.562240403507595,1.6029575024999787
48.57540618480995,60.512989222493644,17.003476878767284,7.750001997451075,2.968430999043322,2.836288588360832,1.7897897441824462
29.116340720257725,36.435336948553164,10.506003294833787,3.1883795904129153,1.3228025967832793,3.190105499927333,2.844271094811757
37.79751453507119,47.31488696590958,13.449509522793168,5.48736107921763,2.1937653636739687,3.021997579771653,2.2355662654385067
48.85395159588855,60.971448165184924,17.328823248421134,3.555754418818963,1.505716142937819,3.2858932442660094,1.6805795401088166
54.28650286060559,67.33310158081531,18.955200979677095,5.800033826296273,2.2906415960530215,2.9681608261447145,1.5815502831095278
36.592688157598346,44.956843294722724,12.707777153800174,6.307662200522861,2.2193801389007897,2.4944445077573194,2.5241861165985617
30.281498835775974,38.253264317363964,10.438413579997052,7.713082257351462,2.860805975220816,2.702755950190699,2.881875476204932
43.4219530297564,53.13293368498859,15.474119769336488,8.378301419599326,2.8343259602128383,2.347515577612766,2.1821327021005166
41.59208771659045,52.23793105792483,14.80927043820608,6.446022635664941,2.597888840442675,3.0579792598444326,2.015883255430311
36.58219261069709,44.21389503129099,13.180380347284432,2.840991028628021,1.0048260891729783,2.5144079781705875,2.5593011567120127
25.56476984533252,32.04096273111443,9.024460846009093,3.865840802151421,1.5458655403071415,3.0230318944552486,3.300836114326661
26.586698348526852,34.391330431970545,9.537757145497713,6.389517009211872,2.7515901333832584,3.36624333793835,2.9519113577404785
34.93808045372867,41.884535691500076,12.56539353341741,3.452033779931184,1.1555831710081503,2.3093819544935634,2.7840632923085757
36.70609589923746,43.63092002855415,13.102677337319944,3.141938485702102,1.0232373943052706,2.2119561671016186,2.71285811931918
63.161056473739634,76.08116799722272,22.538873606355715,5.835142564562082,2.0072143366064896,2.4090504668427486,1.5101231676924374
32.73657954415528,40.48844607845174,11.361936737576757,6.731715654243169,2.3667942869645793,2.491550102298728,2.803922519005201
38.401325205277885,48.29647935779138,13.882725248696694,5.396000709599392,2.2291923779038725,3.1704388266534314,2.1507993963185355
30.76775820035265,37.96741203575803,10.90973976191859,2.564657101305036,1.0060844892218035,2.9388011843361133,2.8152257846006865
45.18456846292436,55.709073820337345,15.81617119824501,8.308166974178762,2.9406232204553806,2.517186536392809,2.030404735363451
25.15361788545181,32.21453230725915,8.847441296135884,6.377065063733989,2.5485848677916265,3.020480213796442,3.2840931103542266
33.11936309592086,40.790191679527524,11.879640339261625,3.207057892549652,1.229534573155698,2.840273001964523,2.6538077692527184
47.591118930148994,57.24057308359782,16.578551129428174,6.778575104150692,2.2200390509957693,2.2316107563608902,2.0615447248817116
22.732984317504545,29.77659271423931,8.001190781493362,6.432920015907401,2.812701658484987,3.4401071501033638,3.3809171687058286
52.65260587405607,66.00750436658609,19.313830673994143,4.011394345556429,1.7420051262980916,3.406814131364043,1.5309132330577349
23.576798400089466,29.817959306776892,8.389840621812658,3.402414798011316,1.4477875625530887,3.308912292107568,3.4272399541785057
28.51973635760333,34.85572092234293,10.118562565823328,3.2344081848427115,1.1728840427094036,2.611998606703161,3.202273343033714
24.41313401555595,31.047795894929482,8.50147822061313,5.04412903675134,2.054134574196603,3.104838735677465,3.372309548321562
29.142448834108244,36.68258123306186,10.51406557911741,2.510473413675827,1.108184833520353,3.4870700051355423,2.7300144533983395
24.952333117782192,31.943755412215697,8.89645527297139,5.657466446273728,2.33343463018959,3.162999203080466,3.2547461438559107
40.9059152326057,50.513756947304074,14.577566923096626,7.171231071078343,2.5805945420527303,2.5816693975438416,2.2189823024395103
24.507911052572556,31.315004060039904,8.748684307332232,4.45061337854701,1.9249532774940632,3.3872127183234126,3.2341446371602074
26.780228759482753,34.06165563984043,9.568654749261338,5.833828482367344,2.3443271299669477,3.044953110011095,3.0965903579335503
27.446191800457715,33.90130988523684,9.52112780714086,4.453997521783675,1.626282495807877,2.639393703906997,3.280010683635133
36.74917544744817,44.316334525269355,12.979838059056483,5.546389804293412,1.8243156398914124,2.2467249559357647,2.6565602819923475
46.90401112024727,56.77337544311256,16.41874655609806,7.930113246574371,2.6097212334512485,2.248552645373979,2.073082504256569
49.47808613642704,61.40327029921246,17.356721611214233,6.446411179864347,2.493985816816944,2.8789162380712456,1.7541210253037696
35.548179766089405,42.45843146644027,12.621092429474803,2.7282750605809065,0.913699786570937,2.3109517044918984,2.7457809516380003
32.441363221973155,40.94421363098196,11.70708356140505,5.987744950100233,2.3974009341898554,3.0286588719476684,2.581270243220213
35.41706896143158,44.02452132939185,12.33109046773819,7.016521936757451,2.5494096284911483,2.61984341482362,2.532600696602391
41.22355519205663,49.092681230193186,14.904540225038634,2.5616726232601224,0.8557716355140066,2.301993295744946,2.377942841411272
26.21312879628447,33.00914648342795,9.19647988086069,4.173838025284151,1.6996964777113939,3.104766467921807,3.171960241024412
51.24635303622574,62.32174489664367,18.286859630866477,5.662126574158415,2.0082986623534653,2.525315767613974,1.812874085342172
31.754589643190418,39.841230843616685,11.19529767563292,8.097359648997278,2.900703617459027,2.5639140660297257,2.8203947534354623
32.60953002660053,40.68267464564551,11.47573865177198,4.336249642253149,1.723120137341138,2.995236970104658,2.6087081050228016
43.87071258983561,52.39037291000484,15.286052613578924,2.6615111466773347,0.9012058124478561,2.350894432658991,2.211945357302523
25.769778956519076,32.56901403795205,9.002279346211672,4.516240193813006,1.8431824239921155,3.114755217194031,3.2109211680220144
35.60536608373103,43.73332710431817,12.62922217015448,3.0987014606487504,1.1810441138020336,2.8155133020147356,2.4832317502336645
36.883065219729644,46.17220633890523,12.85669040948633,5.52257244315907,2.1972060319088165,3.0006051274678813,2.2970094687947467
37.752307233688434,47.076622687002086,13.624241267928463,4.778828005378906,1.906899768876193,3.0136178904285074,2.2492252292529424
33.895738923401574,40.763079735382675,12.081441524041548,2.77493720457654,0.9552512442809458,2.411814755205859,2.8173872632378902
55.09291175109839,68.62750223215659,19.633760449958455,7.274267198403949,2.8685065311349067,2.9615082556555024,1.5530226210832436
37.201826853066855,46.38513214138811,13.272541849058541,4.508332707165101,1.8081563590813368,3.0362746839750594,2.276339852413044
25.49406916099645,32.59109800476835,9.011270494638735,7.85975567782549,2.9146192404126117,2.7019334291410066,3.3829296175530503
51.980112514844905,61.82610308006053,18.101694559104367,3.0684995659096095,1.0217116030303386,2.290169691137715,1.8915822695785929
50.3111117467411,62.123417948096595,17.894775543685878,2.3578670677551807,0.9566150266125039,3.087908805441264,1.6888859215118568
30.00206781856339,37.002513192728465,10.375182217766765,7.91685340532035,2.591830661695659,2.2302535164565738,3.189750621938909
48.318663561108785,60.2944563416643,17.505274322343215,5.361139270936441,2.183674262915745,3.105758314973396,1.7363296552433125
27.584593901812084,34.666857265617146,9.737486670511046,3.384043454494988,1.4204760596568744,3.244525209500303,2.9701420876077713
26.450691438001435,34.29016329026765,9.300352298891976,7.090634650847299,2.9791113124014816,3.2488851610474434,3.0012295032817167
36.84952256514422,46.075447640691216,13.417060339744445,3.719987099241118,1.5497677885566394,3.209336848964596,2.2440361715855666
26.933788888651392,34.01873419518496,9.536363036289547,6.522839932354572,2.4519163491412943,2.7576922355875237,3.2168255036860236
47.34240488058046,59.45092289690149,17.237498748297522,4.432352060956801,1.9115552193852858,3.3733187786834367,1.7062477376718652
37.74258506830545,47.44833908171578,13.289074775000016,3.8476399485320267,1.656243693215159,3.3641801970450604,2.1400992020612235
29.01826165201746,35.171899927429855,10.408423249202514,4.4767939567792725,1.5024900026989128,2.3186726798219737,3.3107639528385273
24.747216197649333,31.399514250027924,8.697877197627738,5.5741903615772355,2.1900418667735586,2.945469254560272,3.401214293875112
43.39732273762895,53.38443136869853,15.479944740432124,6.2621048537151145,2.2795406033694845,2.6272639089808907,2.086421543396129
26.80181797213265,33.46723571092681,9.60264179993035,2.393086913629831,1.0006534267071188,3.22650358563292,3.083158087451697
53.84241017102639,66.38503952215137,19.481097011332093,4.540982837024238,1.7713671030214295,2.9143875470208562,1.6151175200332886
43.96013079872911,52.62090834258731,15.751246006476496,3.290505205717618,1.114581700516239,2.352187121355888,2.2018300251041576
35.481179169206015,42.472094035513464,12.676312866408246,2.924649481428705,0.9850349734529944,2.3314594789596277,2.736436126632522
49.703132874036946,62.39762066459049,17.500278183162017,5.578947294278386,2.353732899744292,3.268418077077463,1.645526012728387
47.747011008208865,60.007797096455384,17.132830044681803,3.680928779567772,1.6233957506634649,3.4826314520515282,1.6696754281703838
24.663191978479297,32.24047026153508,8.819210675629078,6.802908747217779,2.969202340410316,3.4314231505990165,3.125599134515005
42.5554111814641,51.77484992208695,14.999827043860796,7.498939658709193,2.509723215040361,2.3085509317082695,2.2525191710618313
34.49764355959709,43.169322803405514,12.415469213885492,2.419733322292189,1.044634461073533,3.378260700623157,2.348444018493953
58.51789829186627,71.37885685219094,20.55145100713908,2.427557006038653,0.9238672065000422,2.8092588345923644,1.5227072895348381
48.715063115775706,60.79802804253435,17.404046102355693,6.076473622463965,2.441298734383931,3.0439733927508827,1.7350524935542098
26.13109050709085,32.260613707380955,9.367630337402206,3.8662268927290993,1.4285665898200937,2.6873317533808154,3.4243450969490836
41.45810905402874,52.18308161161945,15.1712814536215,4.560879037047253,1.9609424399898598,3.3584860478074923,1.9471916770389053
52.175646389589346,65.02983702647245,18.522882784478842,7.5077421183484425,2.932465578362018,2.920010569721717,1.6475931294707977
30.217443348088693,37.954017292573006,10.808497362916759,4.420409174219698,1.7999903424891013,3.1044732956800023,2.758797276270525
33.66371779782418,42.09911748419151,11.958690020561871,8.067247673703376,2.8909052649684295,2.5652521464698994,2.6686286238462005
35.42510938501652,43.95292299746347,12.471247003733895,3.54010656670827,1.410238602558492,3.006172377141998,2.411313505571426
37.013884629260396,45.68388573379939,12.8447246967162,5.679368541538984,2.084043446071919,2.659357896433869,2.4273968098799643
22.391953116824826,29.053606155369533,7.9794905408344246,5.297202601586078,2.3359557708434395,3.4820739678234838,3.448789615332333
38.43971165051441,48.51371602892576,13.543356930464057,5.478961546474298,2.3064085796185347,3.257933525619033,2.1190552325726553
23.70741851910596,30.90632817817905,8.425903160160637,6.847715165542988,2.889559809242233,3.2692984158001197,3.321854368987685
31.876813281495128,40.206538628541736,11.337877726763027,7.612900556977249,2.8520026633788294,2.7437159471778045,2.7268303918715797
62.36681044244621,74.16535548507399,22.39736177348109,4.967759560404219,1.6282194071317093,2.2342770668464276,1.5904373402123788
26.796309464840157,33.13239712515376,9.32941517606421,6.14778833865995,2.1070875737746975,2.395541958434587,3.474552258629889
22.893670891242817,29.757761065882026,8.072389501806708,6.232912824671235,2.6443231503645035,3.294754600076421,3.439828795629206
39.9508367208665,48.291601795195376,14.392682979780561,2.5850422117628,0.9240260926320397,2.555429193509918,2.32963900467533
24.41020497410371,31.993094162013286,8.672765114560937,6.762255331342125,2.992601041562592,3.49963297527197,3.1258020182601554
25.605760679479882,33.182468810678216,9.006194043435496,6.11965051938939,2.6692242594903055,3.4281954488471564,3.037974830361021
39.0913141313875,48.141328402139095,13.74858615816547,8.521632156503323,2.8989122599691894,2.367907239696944,2.401088270620187
42.9842984112539,53.701152382296115,15.22820732940655,5.341070336014794,2.159882129007371,3.073210889727614,1.9572856110069254
48.938340656213015,60.85907428425656,17.66133973396895,4.8090767561334955,1.9446769419883454,3.0730451542706394,1.727115184399258
31.784233604812098,40.2334295711394,11.385651832242763,4.734587839892509,2.014195045303868,3.3078359504141024,2.5403270022239868
27.529023251336845,33.78668447344946,9.579180737470622,2.9361268635104985,1.0948335025914098,2.7245277260761163,3.25330720531669
27.755400132177858,35.206501495893434,9.6863434821504,5.896300936190129,2.348975489818292,3.0064024167595043,3.0102745113472382
56.08300697191828,66.69698512908903,19.958968628573853,4.815175421691489,1.5712926293745135,2.2189080653682467,1.7727429511735397
38.246686512972104,47.83222378695816,13.389611073797118,7.400276218839893,2.7891491278862466,2.768717398630848,2.284488090199465
32.53475232905252,40.85459968079566,11.684934377044664,4.006225461846226,1.6723941211067945,3.218748916563486,2.5279789783196214
24.785229050465198,31.238987514918406,9.065973881647182,2.5727025355440802,1.1235616580438836,3.4343768107549346,3.22472741749349
37.139306987810116,45.41247910737927,13.364100540392956,5.089634978430944,1.810098663724175,2.535717704788646,2.4842325861590764
36.277184390364425,44.816943553130116,12.653378224194217,6.025522661431157,2.193481879496797,2.627377093373761,2.4852361879857394
58.60403613686142,69.98604684101403,20.520402936086192,3.1800786489878776,1.0817008457070993,2.367543638483844,1.6517266562173278
48.12477240283349,59.42065595457188,17.102372900695126,2.9944446141493373,1.2001361856781187,3.033137168244179,1.7776543452988203
26.11571475110425,32.97051519186208,9.054584118435582,5.951288140952558,2.26862702474626,2.816150132341734,3.2935768198120234
52.520721359048295,62.40817392212522,18.477977721549834,3.5556802893590147,1.171657138758762,2.2531292011464226,1.8845780376173416
52.73846656278888,62.83900904891879,18.69320337537139,3.17739875451596,1.0653989164213218,2.3153132938841723,1.8540209685534936
47.23696178709463,57.866040509815015,16.865235319417426,5.1800447570190755,1.9075179958806854,2.6735508193624984,1.912667436811585
52.15312409572396,65.26552090517171,18.3685548050323,5.20264214910071,2.181380856879997,3.2392335185817553,1.5786242796821979
27.566837896691567,34.62434287110824,9.716696904138274,7.191670234520114,2.5736428155447353,2.559940942591365,3.2471572482135542
50.39452001799547,60.90987245633631,17.839496128808797,4.616973712564387,1.6150386261410405,2.4721541203377235,1.8690420387127546
32.72900374438324,40.411940864715866,11.673062087425818,4.928438535808531,1.8175763754929255,2.679587731440704,2.736509543060592
58.986318696454866,71.77971900894147,21.195465787204405,6.675190327823096,2.3693690889460157,2.528168027647227,1.5733664057811958
34.63540345020743,42.61432303513325,12.315654514609301,2.6692605756823875,1.0357784249475073,2.8917475308449103,2.5233548842313325
36.30101229786528,44.10658561682346,12.781672323424871,3.935791983398139,1.3923351080886381,2.5152116547251486,2.565234532910046
59.76258996658484,72.40505968599119,21.0946882888077,3.4830607555905315,1.2651856153923984,2.618702915258132,1.5401423955554527
46.450024151179015,58.41815357176738,16.794107390938034,4.898852977187745,2.1059033978189072,3.3576854649618633,1.7395242636385024
28.544360738376852,35.129600333240305,10.169413105334211,2.5807692890627436,0.9912246337923322,2.8479748586077744,3.0783424772146764
30.918650334046173,38.85767433506069,10.862241986583589,4.236476519510982,1.7496510017052949,3.169071316439629,2.673682236041758
43.47740797133126,53.54243350833433,15.412233813835467,6.033688424896299,2.221017930929523,2.672006985318226,2.0675518115974487
35.67219446492003,45.292309584993276,12.677343706355888,4.8359066581888905,2.132704602585152,3.4824698234308737,2.2121934517956925
56.32234987341591,67.5445119049901,19.707750722503526,3.9095619637479286,1.341107002445918,2.3987168809396318,1.7035649452408075
49.528856027161616,59.93290873919253,17.865843088235597,3.2923110111332576,1.1814219096484606,2.5706237193020014,1.8731340481026115
52.669635155902164,64.84189169008056,19.11823626009282,4.398526173926842,1.7028730193772554,2.8818648064413313,1.6604674913232844
51.571448945192124,63.81763629238399,18.48489894406611,7.879340655998201,2.932834953205812,2.7172122787594644,1.7240778043361047
29.57809027802686,35.997784360435084,10.535119462539384,3.3069221709338317,1.175952692258145,2.5352736751584217,3.13414414189856
25.242935776107135,31.884186896966966,8.823074475520553,5.263165317097402,2.05754791683378,2.923791760918109,3.358751978255172
30.89476023807852,37.618300525064406,10.865846994352857,4.355938629996917,1.5120943200893362,2.4431568731247806,3.038985866383874
37.20397981755464,44.9841262111112,13.250997214940504,2.97562058934696,1.052641014426248,2.5151326521396045,2.51522075736891
41.67031711328017,51.346216925575625,14.861231140331846,2.8938181947000072,1.139597973603245,2.955609687849396,2.0772611064805115
38.09840314270521,45.74982166733763,13.267698694317561,4.6563504513733776,1.5405294120266253,2.267370597869155,2.5651788651031717
49.03043612247608,61.56160364065166,17.913898475474106,3.4189653495939702,1.5091784589443906,3.4869483021069287,1.6267499409455355
41.61038615103631,52.22985263232285,14.858836296325522,6.096867209709211,2.4725012917573106,3.085953538891108,2.0092813095275277
36.53344287840558,44.924943675285256,13.172850482580253,4.192646351070127,1.5675101863945897,2.7353931883914493,2.4431523771003167
25.239218617182054,31.794189913844225,9.16962134419109,2.447885976391154,1.0734538916681984,3.4545349838664663,3.161238815575458
28.071395222020396,33.89336964370801,10.033542525403886,2.7314930280302305,0.9462917882069105,2.4356029860153585,3.3766809136420757
30.89942173110189,38.64408332663174,11.224089004844574,2.6106851156377786,1.107499228577837,3.2943774097857537,2.648946226359824
50.287087338769844,60.33328170595736,18.06571639745556,3.3728918497134432,1.1613847554481846,2.412752725725416,1.903254640095489
30.636471835152264,38.049089435996,11.03150811056887,4.1072976653973905,1.5894270650717055,2.879985052199855,2.8303944413924005
35.800966970494045,44.97339087248534,12.75033588292168,4.192180940481177,1.7660967988544807,3.26157927131305,2.2848902148452708
37.30540986338093,46.150305437066656,13.12661620264775,6.776268728042515,2.4447406363877526,2.591791236413385,2.425359571339213
41.14972657356049,51.660366498982626,14.814987807938177,3.816328040698156,1.6445606870210652,3.369446945256939,1.9644253902936346
25.748203624318254,31.96967535193021,9.339408582743474,2.6506192501733357,1.057175689558401,3.01150939468819,3.3129442219290937
33.12557863540873,40.37795491372829,11.886821482611616,3.0332053504960568,1.1063985598594521,2.635377299054212,2.7554161061428357
30.956360814248015,39.233998728150695,11.012789073642704,7.126686382366321,2.766563682712107,2.893499419569218,2.740145511857027
51.05664380889079,61.95256317036902,18.30381372297233,3.720004089011557,1.3466761075918248,2.6052386881342127,1.8033497594655024
54.960813212620025,68.19051441993125,19.84179893462842,6.3122956289525565,2.4774091086295194,2.9408565903327117,1.5670648694715588
37.73355965069156,47.01403255076523,13.74278838965588,2.4735110802603866,1.0433898213014559,3.2676344960736166,2.184163497431815
50.843643137705136,62.70024364778981,17.736753973739244,6.862937225270495,2.554049804715018,2.7164734777284774,1.7549773246639648
42.40915128501019,53.24000758313116,15.200150337890658,5.810678781255221,2.3840803804013637,3.1389283389109863,1.958502790465283
29.995747412609276,37.16926131105728,10.594762278124904,3.4780575036486807,1.3539579295952962,2.905541776351875,2.8878968889341996
43.17094789389453,54.39536890785239,15.436950459789939,4.823296699010192,2.083461948485465,3.380985729733717,1.8631954336028513
33.12233616697871,41.571695376838996,11.973067749671912,2.605876239948778,1.1373730868553764,3.4314683414953597,2.424011607288265
31.606300571701365,40.56884403144309,11.26668331794848,6.664485000934795,2.8506602214639476,3.333761081627397,2.5117773577689317
27.24138280323017,34.95612316459409,9.575409493205129,5.433545726663714,2.355924995489477,3.3992491955304844,2.8933016477537845
32.0855637015587,40.04248367530815,11.509904794689927,4.367775701949127,1.7330874768652493,2.988729560297713,2.6525767203336263
23.50289220882232,30.009129698877214,8.267065185541659,4.129201309953417,1.7918466170890908,3.4032390667788093,3.3687340295380297
23.51201000421674,29.51611297732586,8.568220161771299,2.5343617995069647,1.0742578986471871,3.2905675123797145,3.4696823979246694
26.405800750079187,33.264560395483436,9.268126770393724,5.435749896822382,2.1008059586388446,2.874489474263894,3.2397927241242566
56.37352969963849,69.12125349860148,19.547039417618233,7.034814403879373,2.5662775869156254,2.635756414139671,1.6095232776440627
41.21248966266609,50.77094189202654,14.83335158059105,5.32502856995857,1.9822703264634305,2.7176193016682264,2.1669983433822884
40.9743189275375,50.631451900759785,14.424100118066063,6.615403626045301,2.4225027458414465,2.651039162465096,2.1926919887319225
45.74188062918827,55.91558799913747,16.075389621994795,2.9310634449291144,1.1098854448355597,2.7881713709725013,1.949209645879964
34.991448978238594,43.90670204724738,12.228006776327565,7.5062701838562536,2.8126609823498203,2.7446030843559126,2.4967355454789595
31.843934214867566,39.548552081445884,11.580158645788968,2.9538149176528012,1.1916791271134533,3.0625985836217238,2.661176700556087
50.12722313442481,61.038118672475285,18.202658067272544,2.639681826189002,0.9877692697730166,2.7390113608451307,1.797325455506226
34.457122591335484,42.49035234059471,12.425048654855003,2.39610278349528,0.9475682502545405,2.974000522516057,2.504390020662485
42.27550605567746,52.87285296516504,15.028554988767645,2.904943522853597,1.2513072090604158,3.367470576272928,1.9198111861911713
56.144333670860235,69.05221028029482,19.607779397573363,5.361622992460899,2.0426504931777565,2.813687028642999,1.5730993356961895
28.610942076911613,35.71725686097506,10.069081442743439,5.157994801336169,1.9536585925206762,2.789275485172436,3.0510552333900214
37.74248198149645,46.508299291654794,13.285686264276823,2.9174867624509946,1.1415285410475675,2.9275324307006834,2.3015261217506517
24.590167895319645,31.26580155021108,8.72898378345527,3.7157272773798846,1.6212804958154565,3.4299501007737225,3.2235712420270346
32.27314155707278,39.389491884826974,11.318482578259317,2.291406482424576,0.8558499824527588,2.7313544224275255,2.7879990864780315
31.87885172542231,38.73710693071254,11.348082920578802,3.7242024595524224,1.308364552493757,2.4885638105128343,2.931944457694795
62.584341847726485,75.45337973982056,21.828377951538766,7.592182871549902,2.5598153878210166,2.335341156579946,1.5394210755087283
33.354800831590424,40.36138408965418,11.700252535419947,2.8839902247568854,1.0187710640705594,2.5096376153607447,2.805492215703749
26.938976766861842,34.6920459190248,9.517174757642994,6.167916364290746,2.626483702047382,3.3124054085381713,2.9445338637113183
33.0489143264281,40.17257153683337,11.860051816287884,4.136839860148806,1.4449250065742292,2.4664795840405676,2.836170273141292
64.1487610052546,76.39421514728262,22.345111741838117,3.754183565788199,1.25734976132126,2.311161090110809,1.526003847021472
46.262205132133175,57.23848528211841,16.742422188085623,4.383414456613304,1.7271340113034956,2.9579540292605997,1.8628708701795944
28.86991359040503,35.446516459280986,10.160323669111884,3.7494488541290583,1.3707315535488436,2.6443625572072387,3.134887123476882
34.0529789337854,42.01017921681466,11.935906744912907,6.090357013928557,2.173127597268095,2.548482733069739,2.6805898850296153
34.09497956392009,41.971431007341195,12.310295600449004,3.8430456667736195,1.447824670992219,2.766964487875912,2.6040943617039605
30.645130756824315,38.10370722825879,10.68326775988802,7.9374088873350175,2.7106295469754085,2.3821471284963884,3.0272115883195214
24.710267154214286,31.322419357760033,8.634593988957308,4.138622997111775,1.7354697098323137,3.23981183273151,3.2891044537881826
42.395765974283606,52.69601562935596,14.900836819022564,5.636923977148762,2.193652083617524,2.904124479059127,2.037354718769892
45.50206881861701,57.610869697593785,16.261709109670008,7.004191996319945,2.965684797547815,3.285409307839089,1.7787121481456483
50.63898571283279,61.043264565299154,18.300052314936735,2.352119474618781,0.8404594884044269,2.55399952447518,1.8433585716966072
49.91220833564308,61.50516802703944,17.848342076103986,3.5674991930898963,1.4029214855118533,2.9494714181685295,1.7355021657802823
29.189339426916618,36.58926796639515,10.258402700490448,2.966154995051938,1.254126797873327,3.278664344819362,2.8028407767037287
45.18264194372478,57.20931138633138,16.243727076663248,6.317147208531058,2.7225581706375337,3.370024234402537,1.7737712601376145
31.35935991003322,38.95562169430448,11.382729478826176,2.938007929498556,1.1858168129715891,3.064547676910132,2.7010337208673065
38.286316952469754,47.19096459505875,13.294990673394508,5.240855258946112,1.9416189516222426,2.698080086724347,2.3375410497841465
45.8133210777276,56.75822850762817,16.50060746903231,2.3831050438084875,0.9821570694352783,3.1594437013542818,1.8325667375121588
45.30348312206892,55.353257277678296,15.995682347879747,3.8661184197215617,1.4351262208955398,2.7060842982545696,1.990698219362642
30.810605373871187,38.125900952964244,10.826453823346512,5.679267119885625,2.046090208653174,2.586258230310128,2.938091810368491
27.80186870792445,35.69611644191614,9.801458909739415,5.540834233896332,2.4116586138625506,3.4178786611221854,2.8273423307252963
59.395969045109716,72.15458260941203,20.65728988819883,5.9225875020687555,2.109171447540561,2.5409432575897726,1.5623662701225693
34.361772789315296,42.67888749053817,12.363258810690114,3.8807082881691306,1.5353365597973139,2.975895703591956,2.4927324944024725
56.62342673917504,68.18594751505802,19.996062494527962,7.198853432328782,2.4020152636479275,2.2976791162565515,1.7131965062675436
30.856838340445304,38.001214944400395,11.081804023348186,3.56382356912156,1.342084473126035,2.76527554018487,2.8768047928554723
27.00536043618889,33.79495881528872,9.660141619588916,3.4360059377472805,1.398719301905918,3.1031054121107546,3.0988317579379587
42.87299438823407,52.404076348794945,14.829702606041204,8.395841027711251,2.8180898660169342,2.3190566953246248,2.2219477938800534
26.00291804101239,32.08720333840725,9.232893261366762,3.194703701281192,1.2072924434449632,2.7798075048453423,3.400474707641605
24.928516154103477,32.07370960922312,8.848908242334632,6.256888643953475,2.5744345252951897,3.1518923523324296,3.245891671752817
28.200842258868324,35.44817544253133,10.101873650116518,3.1741969643266144,1.3492696194902092,3.303954347034915,2.884553129035705
40.40831211571475,51.57415168401296,14.215111269156898,6.521462469797504,2.8769305473105495,3.483968410395641,1.9424188836392045
27.598901489466154,34.72769974177227,9.948404580167962,2.7592622571693637,1.197265759280134,3.4028228126403657,2.911150345031377
28.747572285977654,35.357826989139284,9.963159680016169,7.102178456077253,2.334324587943048,2.2441297721615387,3.3309765951760837
22.856292678615333,29.98713437811523,8.079232836187058,6.551093847003518,2.8773862760495548,3.462375718714978,3.348792390753061
25.120821206686298,31.73736463642271,9.09913354091563,3.5380451298358846,1.5020210411351624,3.2979142180955914,3.2240853019786266
54.888227705832605,67.59592403283965,19.31070469963415,3.301647812378403,1.3060194420329467,2.975150842026669,1.5740152694309852
51.037194150707336,63.30375456740564,18.42605104223353,3.8003082786747897,1.5477249202897456,3.105175408641582,1.6539064032584183
56.18335096416178,68.46720191459158,20.143843988670998,5.482059859874706,1.986880843225742,2.6098774391797934,1.6307126815978847
39.34996013099772,49.53690759936088,14.007581981346881,6.88950672848151,2.749151046119612,3.0136587893681117,2.13750500586414
49.664238969969745,60.0238318448487,17.154019249994544,8.287218491282482,2.7142175225820457,2.2317210160234997,1.9659189495072675
25.805952379071208,33.11012544503238,9.130504516361643,7.392824574201646,2.8659489367283717,2.8876182742353755,3.249403345368399
25.09254891480987,31.736026006330817,8.72330535821148,6.785499605022047,2.487814235648479,2.6559253600872235,3.4958682210666745
34.00169780972732,43.035945667058535,12.252694876870695,6.818461853903553,2.7220896512099455,3.015757102183881,2.4597512406078175
29.11284924881156,36.1086077657912,10.381027131155317,4.610564618732766,1.7269854050095546,2.743096816817534,3.0365468277290364
48.85996763441231,58.66372303160625,17.151600571553644,4.675994556324682,1.5801687468097085,2.3436163470708133,1.9775542915366047
44.98428283591752,54.156903349879066,15.668371637565716,2.5307466509352534,0.8926050171999962,2.503690076364883,2.09261624091198
25.302733202977596,31.493940161902685,8.991545624838245,4.379256890765371,1.6455186237512998,2.756105073856621,3.475444779472063
40.98340472591355,52.01668487761628,14.455245715069472,5.792357163346776,2.5299590317142147,3.434949539135293,1.9365077757301283
34.05197707074488,43.59149070062417,12.109338335018204,6.716601578852149,2.8784104490411027,3.3428537998308143,2.3351615515698567
33.80270528303954,42.084066205556866,11.667750433213753,8.645989554982886,2.9805709775013485,2.417144129919698,2.726822778421415
24.50088565235867,31.15684780282148,8.65684153525167,5.318440678934404,2.13702094873349,3.044540643690079,3.385463548270251
48.55826362961456,58.40350475792818,17.000891383525495,3.715433211831623,1.2850696599543858,2.429486441607161,1.9613396234355174
29.75919646303409,36.270156537692316,10.760259647774884,2.5295596295327507,0.9272538884394721,2.655162836916749,3.059168947133507
23.590726499210888,30.928227593458956,8.223492512467347,6.883480809807852,2.988797209822158,3.406077968153777,3.2675717699268514
35.826100446217204,45.22883148961547,12.582890850068203,5.624391813896744,2.331245359718343,3.185710018415319,2.2924840378053175
29.79104063413485,36.24998236838466,10.542550168858662,3.6756698873805895,1.2923987526097709,2.491772743387659,3.1316662499812353
32.18888751108492,39.7187146335971,11.654265994124232,2.543432397216904,1.0012710422750608,2.954112070189155,2.6858798696834065
46.63044660799767,56.90411774007674,16.698383425441605,8.098292081219824,2.75524577571175,2.3683693976676454,2.031200085177412
24.910524632699442,31.90518555158816,8.856118496927124,5.331151000816593,2.241532357405848,3.2523708971423417,3.2242552345309012
53.67172603017303,65.6063200961227,18.8894507630519,4.337457718364741,1.6199147374270908,2.7309891769919084,1.6739735198228203
29.85997108575446,36.71317245135857,10.506661956370737,2.549126941785115,0.9783016749968255,2.8446384556024022,2.94684022737717
33.048664344145045,40.74388754083139,11.546338919508889,8.00708184298443,2.6726552109072914,2.29897011733739,2.866517527319192
34.29468881985753,43.25752994402768,12.047820865576714,6.616576417365465,2.6142981250353285,2.970130120057373,2.461173154653296
30.17022288331121,37.440863484072096,10.889597125045803,3.5395719436825264,1.387462194372727,2.9354515531945284,2.8560323051181276
26.55958535223558,34.03439757009441,9.488606772210193,6.6310711252833885,2.6712798040073324,3.0559873850559534,3.0948520432138564
27.467698243257303,35.12184331062827,9.83598592226373,5.510193647124918,2.3344372156724242,3.2881173268727735,2.9167259534300696
30.403400979338855,37.912661026127005,11.048674002478638,2.776235983842369,1.1489312316447622,3.1785316314249337,2.7372227564303686
29.406455805052847,36.343558438211645,10.098112333923448,7.9754376747308005,2.616796851242478,2.238021467944927,3.243687055490464
38.53126537787372,47.886168940448734,13.981636783763712,2.794939692817531,1.153671771306278,3.1665607331790904,2.170237708518284
28.523720820430427,35.4656031905111,10.198853807170352,6.007784771267488,2.157239220426633,2.573149573127387,3.164268355915484
33.04565056566201,40.80971667354266,11.634116950956306,6.16814929543562,2.1948125468191453,2.537744655383408,2.7636270540333365
30.72624525013351,37.94160004149025,10.757181559370208,7.330906956218764,2.474261385504462,2.339074830475046,3.059690790302287
25.876954343222,32.43440173880144,9.222429141147158,5.995175690264692,2.191768164894686,2.644433815850292,3.4259840077179895
46.90629072064302,59.18948326036071,16.56033202145912,5.314400047359619,2.3133485890617895,3.4183970334073863,1.7050194559813585
40.15669737477149,49.717252621427335,14.43510343304354,2.320252480139642,0.9481713232312978,3.120623715238866,2.1019271338936325
36.39813217233738,46.49623761395401,13.210943016905864,6.878364762344522,2.9416757321902733,3.3329978479980893,2.1917661139059135
31.190367941955113,38.53257988015871,10.700356295607124,7.253071979903,2.46817903104385,2.3691121121698218,2.999303663485849
59.31441243578033,72.19275130388822,21.268451647036777,5.15934109432158,1.8750150188902648,2.620693284894404,1.5442471030579945
30.861407768119022,38.06391170962591,11.159558166602602,3.709996311021647,1.4019786658196651,2.7796735182897727,2.86659075321301
37.81313237441347,46.34102401046042,13.606265365369891,3.0643408859483303,1.1599724066216723,2.786803131628578,2.3523626044719457
32.55723944533203,39.34401228635664,11.621416335372135,2.794195153667944,0.981238300354854,2.4870004966253885,2.8873644515629775
31.948558603714748,40.05131206855569,11.002919957689961,8.09073551096979,2.891899836950903,2.5552373850976724,2.8090224285622707
33.75750657893292,42.63789039958699,12.193775162723352,3.9523965707664708,1.7234000972374692,3.4267006962178788,2.3646696020852036
39.45378120923232,49.00920647488822,13.788962751447897,8.291911721005004,2.964750825511622,2.556479763053271,2.2951887959255886
28.31275312080585,34.48894687447514,9.814259327767541,3.601890667510127,1.2688303488551833,2.498940987658412,3.288198407358269
31.41177237717652,39.45132557838573,10.99595574981928,7.326386646695153,2.701588149647202,2.6790842468408895,2.80333365075177
26.463332669882817,33.27747091802771,9.298240883022002,7.813676226730359,2.710970969502344,2.4411831704140576,3.4363868558294435
26.169987583682044,33.6376102650506,9.333386110940516,5.827786177380344,2.4742527800745977,3.298218196551954,3.041843689288104
55.39701888039491,66.84272194849997,19.61724853726964,8.602199391529853,2.825865265194511,2.2422840333386276,1.7624897553647751
28.484771911489155,35.06263660278928,9.972738162463653,2.769187537934474,1.058078015717268,2.825979056966315,3.0930745819523526
30.999783163994774,38.10607161703007,10.995941226371635,3.30048685056826,1.241154398740741,2.7593976633693016,2.871130574457943
53.17097442086001,65.49096100266797,19.20697266556191,3.5334349528736984,1.391785489757215,2.9565628224887184,1.6284178741502682
45.933717497070504,55.11228232021244,16.23611906355577,4.990342691745809,1.6634858240947068,2.2941809541329268,2.1207239178471475
33.51077402571106,41.528404285638615,11.94554153048389,6.476093117528787,2.3289601494783936,2.579161352322094,2.7000410962386074
31.70284751270789,38.44899139633732,10.974502964433906,5.638464251362501,1.8571152839672238,2.2515044729528646,3.0597019777866996
40.264420603547094,50.49831829237623,14.53489904747106,2.52474068936738,1.113490194383329,3.4826613712472905,1.984090031725055
30.315174825427032,38.22527135464601,10.5623126374442,4.97869341233047,2.031227103671211,3.113204461707335,2.736311468636238
40.81137309725382,50.06712792398842,14.46408523148197,2.5710204073938736,0.9933062981186335,2.873025136400125,2.1529226164879836
62.393061493644076,74.52523006623159,21.7946051824136,5.008440377663211,1.6732312076435114,2.302152046301527,1.5664062175827331
31.32263657812364,39.77553761314032,10.957031304662243,6.301361442388753,2.5612907380399825,3.0963044598784455,2.635081696523116
52.468036102342666,63.29500452156081,18.686688595532015,6.524365568152533,2.200146548996001,2.3359381924347207,1.8349651645181395
55.499136378427735,68.68501748084523,20.026935043812745,6.0648268706511725,2.3599331427920163,2.9036852358913916,1.563172289651284
27.941281821065182,35.17316476789955,10.110172064947315,3.6867577992125424,1.5467904235941734,3.242246507990729,2.9281738642648554
48.710332217641046,61.16915081849105,17.722690767627103,4.65803846836611,2.00470322753822,3.363261652878686,1.6602296927693503
35.097187088651765,43.908258038996905,12.59638377832197,4.8817445055648285,1.9580858540594492,3.0366510037554826,2.4046365690366
59.17592252143655,70.43869967616143,20.714247165484956,4.048561820480438,1.3436271148223222,2.278457709187733,1.6632599640611792
27.74747184944379,35.0334843937578,9.574251961388754,8.396111753954633,2.946903562802089,2.484978183565458,3.2435671331844036
44.0741414649919,55.348953945207946,15.755292408750364,5.378793355749959,2.2491571061019275,3.226608059285223,1.8642358313773986
32.05283782696601,39.958483865313596,11.683982070536114,3.1775622579311005,1.3026004309288572,3.134962311753943,2.6107271018752622
24.49149560958847,30.57435111900335,8.783118765326524,3.0828949095818907,1.2389933920441194,3.045423392251018,3.4495863242935663
60.354436958564904,71.6699818547319,21.392387742785587,4.163861616137674,1.3669023547246701,2.239848252867548,1.6443968179583517
25.111621623927498,32.19182408600619,8.843486717094793,5.9239557822044935,2.4339543466399585,3.1453197906962003,3.236545010816761
40.441887800093006,50.43463843469807,13.95825655172709,8.055460228728597,2.9728290402193274,2.6823503918799836,2.191869985093926
26.297981850931794,32.99392918918446,9.395073016603433,4.485226974936757,1.7649539222170991,2.9522780311441115,3.2340629922448976
32.15054625440008,41.19131967843241,11.405010423625368,6.500605906505431,2.7815441008247688,3.335450209506159,2.473337882849406
41.277772795912064,51.841834253879696,14.44858957728901,7.104914858951004,2.8071993603567202,2.970055427171371,2.0536555944701034
30.446287180377468,38.52545086610955,10.60781878945058,6.0366809832681385,2.4128486493136183,3.0210282861202766,2.7459331671269656
27.48717138903639,34.567719747414344,9.772430657914924,2.766740529321975,1.1953028395145324,3.3817422768653334,2.9316499293641773
26.462791996006732,33.24415201413494,9.196138479825567,7.735548887456796,2.679647205413074,2.435270038522337,3.442790188083279
40.68939553030221,51.10195249292884,14.610371511632477,4.162201704794791,1.7796715610058642,3.331974871654265,1.994462148806354
38.8836489193839,47.985757393591776,13.815813932428759,2.934766851314146,1.1597525196870502,2.9708361068654057,2.2184667387995316
26.270227830601822,32.806983005649606,9.12171794802446,6.312220991417939,2.244820661990843,2.535573462511466,3.438824644670575
30.356782457472363,37.92431679082194,10.541490533251523,8.618391847250434,2.9336062991727987,2.3701357589338548,3.0469462513732015
49.70616981777845,59.25342323022214,17.648658297473215,3.518981017204289,1.1734673911925897,2.2955457715290164,1.972100926692928
37.58370830243173,47.17891871653651,13.328062143417277,4.135086485087463,1.747952552055973,3.277548375647392,2.174006352862573
30.71379077223783,38.227490374199405,10.833096226965433,2.85808706411389,1.1674921973820898,3.1188103819510795,2.7342899732080603
52.95996125906462,66.12657373382204,18.912658331920262,5.487092518639547,2.2603699607679713,3.1573226195853326,1.573342853867086
25.30720687480584,32.28355839175432,9.125482212040497,4.970763959440538,2.087779601672855,3.247371198835069,3.188340897938394
50.64821789028206,60.66808480101306,17.633395894156372,4.121333841810242,1.3934491453373772,2.3454955052170465,1.9116824200735365
37.27114919791214,45.17324412897126,13.373396802742375,5.289295033573533,1.7948378622235577,2.358742888213035,2.562339056002064
41.34389651720045,50.64018358058381,14.536560581156925,2.3147880153431,0.8914602899108627,2.8594052512949104,2.132312209953501
22.438361178663282,28.993912788278795,8.103034672271086,5.048315900438543,2.206063863194101,3.4373553210502106,3.4732602459176936
36.0435832171605,44.75196197091889,12.868032369364554,4.857472640419747,1.8754624765652246,2.8702748371530253,2.409479711267718
55.67809124802983,66.24502881860685,19.90893550306646,4.501729654225883,1.47744587150062,2.2389656668344817,1.7793025095126256
43.826896775253516,55.197287877119,15.308985980334139,7.251243185253728,2.933806501435995,3.0754621633223924,1.9037069042458967
30.387409729385936,38.36423017869541,10.522566791283944,7.175948203440773,2.709912959630512,2.7768752850959424,2.8452042364502526
27.47416748999167,35.499044165984955,9.794862564390183,6.791519407334543,2.8781512828428513,3.2895498765425435,2.8852519044523293
33.58310660730715,42.50550947950839,11.900009250531015,6.81145157144736,2.7115909658531803,3.003201412261578,2.494349528016855
51.3886076566894,64.7195396688025,18.602016957317886,5.33161907119257,2.3169588522694347,3.410233304159071,1.5607741193936737
43.90959843799017,54.53392145064833,15.770066698259082,4.136332296345287,1.6665016924391487,3.0565511113024546,1.9313503047954343
48.99203142643621,61.48874722662103,17.0946215546151,7.445180742024136,2.9987101966954666,3.055198895983947,1.7131860606159814
24.93674198366146,31.80131479294064,8.790297075888764,7.2749583820776955,2.71565759074197,2.7289803489397317,3.4543483684426346
30.93126454488035,39.485650342945675,10.910144934568917,6.629924428646787,2.7327342348629657,3.1599839720267244,2.6340325219733356
38.78788227825743,48.827397657888156,13.916086010624616,6.380759767621527,2.577261072270769,3.0678714012326602,2.1540663231264774
27.91475453283402,35.31039190710609,9.631785196648556,6.900476256481789,2.599235275585048,2.766258309256813,3.095627297717269
38.248878543682714,45.75045965494225,13.453755095842283,4.655118531861585,1.5140888257805947,2.2074862586475583,2.588978195921699
36.60799662954049,45.679027301599966,13.038049562578776,4.064247634357903,1.6548278227947608,3.104107368696821,2.292345383218511
45.89972335968893,55.9483917796572,16.027600432012797,3.5200857424729812,1.2999931799789333,2.6852273291181423,1.975088261748655
30.80381890824836,38.85151051887822,10.911984682935886,5.353876332406294,2.162878761221152,3.0686766381215214,2.706897186762756
35.806841613516895,45.156576430006496,12.811919909413295,4.550972343254971,1.9419799272996798,3.3223337444433727,2.2595715603584594
58.89714460093772,71.6387894497171,20.82962134424358,4.477058916381922,1.6364303613288858,2.6436221759140035,1.5512841316128714
32.287555200334204,40.40992329751589,11.540815497355032,5.505698247837821,2.1373912041455783,2.893683310744942,2.660344738454665
25.823269980919964,33.37790874248095,8.9083172288524,7.081681146953247,2.9021521311008565,3.1335599990944427,3.125971477432187
52.23347618731922,62.59590558400113,18.75043588093165,6.8345192218883195,2.2244443711401267,2.209831737471585,1.8915559713670922
40.43651365646036,50.811526573683444,14.31895660807568,3.617617138258917,1.5735699119271958,3.4147668348471685,1.9869645931525985
37.548211017060325,45.654257457444224,13.186896414119467,4.013627200603511,1.4267203843162304,2.5338095380366603,2.471743518372651
27.800826090715827,34.57917415391167,9.90608001784236,3.818467442516238,1.484876938143208,2.900909659677831,3.106051795665327
31.254387579929475,38.371945802326394,10.854237910530541,4.784583055492497,1.7098080233557735,2.554411200953594,2.932301348446387
45.53290701909655,56.35556348125898,16.312075215346844,2.9573114720656366,1.1991643649303794,3.0854532101544776,1.8622986990693606
32.573207166225316,39.783491160300336,11.331308677257761,6.0684335155362925,2.048086883183588,2.3389400000231673,2.9180925234448654
24.81452573861454,31.645860593171786,8.698673230750307,6.730305486005249,2.573183609505348,2.8286093407359023,3.42585375047516
53.338087621708176,66.64951053254204,19.044843286178796,7.234815377680813,2.8930873528546455,3.023096788272229,1.5868250657096383
25.720074572024703,32.41029283281262,9.116427996515398,3.033432886588915,1.3017754982876515,3.34946840235293,3.1383777188535804
32.113955780588235,40.3289995074321,11.456668734353647,7.083653578711565,2.647694866306785,2.734337010748716,2.7219619777019837
41.758169935531775,51.32267694616807,14.564076949685242,7.128858614005479,2.517156133536496,2.507931726666827,2.206842758605436
27.72478552913469,34.8247994481761,9.58220913005749,6.045167898151578,2.268609778441235,2.7508597297433917,3.1452286370273566
31.824352838278973,39.67064459543591,11.08401679227494,5.521996419672041,2.0905386189860433,2.787297982358398,2.7477186493531462
27.297003789302234,34.314530886381995,9.629929388768408,2.9926448197005424,1.2768275601997066,3.3216362008061973,2.9737474898883645
54.980095396372285,68.25585177802955,19.65170444505311,5.3268207198773645,2.135606879395318,3.034562950576246,1.5472771720926728
45.59238975581037,56.09290038993527,16.140884399905964,5.67546595885159,2.1078479374095807,2.708177794677169,1.9638941922319508
26.738795344600053,33.21166574817007,9.293848833611499,6.829668016715499,2.3293180189047065,2.3773716783237533,3.4755710404297746
35.112571971942636,44.28239888331748,12.731970130706864,5.670189423306613,2.323359532913613,3.1328770953556293,2.3563992298512297
54.755068565517085,66.11751705481073,19.393491654067418,7.099038281704131,2.393545397683231,2.3353425441994164,1.7567885789082505
47.84700164270719,56.982009889623875,17.253037690970313,2.957796924201771,0.9884481491121473,2.3032451796856828,2.048321333119612
48.73487329635761,59.18467543410429,17.204278409855043,3.573662194591862,1.2986440848993737,2.620383030750177,1.8837346494374856
53.72460340698405,65.75734461253613,19.40574007925723,2.454680362270807,0.9487476399028728,2.8747777281807516,1.6388476854921867
43.680230861750296,54.583799288837646,15.557977884749032,7.034460429754841,2.736173992635208,2.902015488985864,1.967424163820866
35.49392419315199,43.4421811481987,12.645385981787937,4.21615775060128,1.5326042087280356,2.6216338790499885,2.5659155731026706
23.745050059239343,30.179438312516478,8.469973527659214,5.027104031767346,2.027123518214055,3.0603909468041923,3.488278722442335
39.87334189705136,48.20696190126926,14.309483141349892,6.138433716272646,2.037052994931402,2.278185045381021,2.430411224567436
45.72366216485051,56.63162181034214,16.389271149661578,3.0552634978383866,1.2420541150499242,3.0970063580668654,1.8506058847153195
52.14588200598819,64.38699787386314,18.370447073188856,6.5101339423205715,2.4635593235695414,2.7854822171356406,1.6933528992934392
28.300823966069977,36.43066780964461,9.90542121885165,6.780420524479144,2.839791202854796,3.234084949026648,2.8298234489744365
40.61390981991307,50.06291740346606,14.472153558906992,8.698669561659777,2.983463704748426,2.398140817329543,2.298631831618616
31.375686486036688,39.67687282218983,11.266737504889763,4.587262100141511,1.946107549998493,3.2946432826893477,2.579914260561119
49.84894241715114,61.81097428925904,18.121556744464193,2.6101390115098075,1.0809696639975166,3.1818515466458503,1.6782488642320332
29.82728519694983,36.5187965712678,10.485030619794076,3.819650743761571,1.3788476538038543,2.594066862728927,3.0640561753407716
47.87820850433658,60.24241216190483,17.087341398718724,4.637075738604201,2.018364929567228,3.4180451699403815,1.675285493527677
38.36575319468409,47.55494011247041,13.582102696791294,5.611249216095927,2.121307533393358,2.7813633026562865,2.293963034148567
25.169835106929366,32.397413169339046,8.8966039667986,7.769451672640285,2.982747632611288,2.846052527777579,3.338783946428835
42.14073019699086,52.695220315893955,15.385170697783234,2.4302346267306296,1.0560060753480474,3.4097737790370912,1.9170210287146716
35.30958862369507,45.02410632439043,12.747776458257427,6.324944781467142,2.709724718236391,3.3413666165785902,2.26124658695316
29.858335668145088,36.31885186358124,10.54523513297673,2.7079113243933244,0.9780224227127549,2.596082880827453,3.0800608726141228
45.645212311397046,56.69620353158133,16.63213750625228,3.835404686009575,1.5614193983831284,3.1034364155732,1.8470490299730176
29.5191108783585,36.90484119764302,10.742836328064234,2.5868194748707145,1.0915542800320666,3.2692247327246693,2.781944154690664
25.69401636866257,32.38647796993984,9.134605272650413,5.574923402483697,2.1337564630521504,2.833180494464617,3.345514381026789
47.44946735546689,58.42407787620308,16.640528780352437,4.3609102499324734,1.677058661099089,2.853335899402475,1.849677254520825
44.01015582208802,52.33692963190562,15.400039013873595,2.574292185940215,0.8567861952888715,2.288624002201142,2.2350688445830627
24.234666069511455,31.293760716557045,8.433806670154027,7.497883257035855,2.924808754537084,2.9143883966635222,3.4262302231783477
41.15644552283264,50.856527926854106,14.38965395747348,4.58957517527957,1.7669257149924025,2.8579844216923176,2.123632266170519
33.20412828868556,40.87527904522554,11.737908691268556,6.16960938209862,2.163093500775225,2.4808496372624798,2.7816526293804125
53.83665351942391,64.9287569203241,18.964376894440772,7.583396775703129,2.5176754893505677,2.279754515243869,1.8040497062572962
51.63653447610421,64.78839600333723,18.19218483137851,7.280698777497985,2.96409363557951,3.1035457975161194,1.6163275910109516
54.13202814046195,64.87278941923472,18.8816385443174,4.324891538068971,1.4672053246487102,2.357800421249158,1.7844987373743924
33.45161404318456,40.60323753175011,12.002538810612624,5.783368916151029,1.9207286819295375,2.280979337569082,2.884322683388264
27.15837397090858,33.9101280597136,9.700759400072682,3.704907838803871,1.4737579657305457,2.9997852697003142,3.127940539012038
35.02188271486885,42.867625428430976,12.640136827166678,2.895893630821227,1.087562828828439,2.753908399057483,2.5540829278233033
39.21990187599082,47.574484214538735,13.814896960931675,4.623209891760667,1.6090705719300373,2.453009265366995,2.399569297642645
25.72906212875118,32.98974552789499,8.912327442981208,6.055299866136858,2.492470766010948,3.153698694729823,3.1550757911337484
39.232863870304044,48.35666547429571,13.602188052050183,6.948907214207472,2.472637610868697,2.5377571713685447,2.332307996359523
36.74927705429306,44.23780120776443,12.908306366732054,2.3585016855660883,0.8266657042165653,2.479762433622409,2.5706202629051833
22.830842211225022,29.83884403237233,8.020113929081155,6.938867325167649,2.911068617506274,3.2419982454478866,3.4517475098201076
50.53462370503525,62.372384329634606,18.24340522265562,4.615616313910528,1.799630136031914,2.912347335665801,1.719472397355007
52.19419169723608,63.86628551416668,18.47493177909636,2.9515909769340896,1.1301070623267655,2.834713478128312,1.6961651615684892
29.398287907726978,36.49187846611585,10.36413988204119,4.26527811428285,1.6269542273206927,2.8188235681793965,2.9747141547755995
33.48741629817424,42.68806251787171,12.108259631604682,6.615268320823198,2.762586315668516,3.220521506988174,2.4188935368119733
29.104831078320466,36.322384424380665,10.179676406903,6.384093815294534,2.3138963533903927,2.610028964472417,3.07380677251059
40.130246070597295,50.48914881187004,14.490357210596878,4.209945133940023,1.8152504221744152,3.3722905897760507,2.009341244092102
28.22048778862808,36.02724771462972,10.11428009027254,5.112970342711344,2.200673300767856,3.3636530629184973,2.8187078444115654
53.852686970142635,65.98774707913576,19.39372516415273,2.9251736003937974,1.1303718017974917,2.8739304285287655,1.63330408112138
37.87188743781199,46.18612033171672,13.076271333672599,7.095808713550048,2.375911453737901,2.3102296208595443,2.524443841625349
59.866047980159934,72.0206088104109,21.319742628825406,8.908228197722952,2.9043030762588566,2.215741017805354,1.6425134555305172
41.66364017827217,50.77233466056018,14.916969640133816,4.356829577294013,1.5693471054408692,2.585496255673952,2.2065028170041283
33.519326672323345,40.514302327490846,11.67187020558752,3.4101985781716717,1.1830405377349857,2.4407542382277083,2.8227412221408286
29.32304827977648,36.725358389324086,10.281549025549644,3.331145476393012,1.383102142315009,3.1936844608882566,2.820605439402676
48.12721547946163,60.364649460505625,17.545355029050118,3.3040308112251253,1.4499785104503247,3.4582180452985396,1.6643433349528547
32.76097280203725,40.1312990343978,11.441558314873204,3.382099609264224,1.2525119768302213,2.6965215315487647,2.7493271377085278
29.854441124200118,37.883665519980596,10.630276428163983,5.323240888517398,2.216589357790488,3.2070239148291244,2.730025936077733
50.172642739548365,63.4245459068763,17.88844762501814,5.8259959890343875,2.5571712216400644,3.459035410872699,1.5839024468632725
24.221034196601348,30.72293168150289,8.628229100897537,5.252920599590284,2.0813298480559426,2.9824460665272188,3.4599406587177013
27.142112999754755,33.73248404548386,9.62282633867948,2.6869791955169493,1.0818106420056401,3.0534221895309535,3.123539576180275
27.564311965020625,33.82404332156358,9.676992679892217,4.603610770239895,1.6187674524425295,2.4920002953970077,3.3561672806520995
35.23310502939876,44.60557385875105,12.3160105912895,7.231783242984568,2.874766843038357,2.9968214572428833,2.3788099793889046
53.65630452880258,65.46009150963945,19.02879524160892,7.897157991236082,2.751234780460393,2.4567116368179187,1.7430027526018361
39.13560101811773,49.60363723916118,14.14628168613415,6.3983030431151295,2.6950139919995593,3.2607310206592026,2.0718135784783205
27.008766993209406,33.83608352871122,9.413087747802296,6.934057212495194,2.4610922432418123,2.52791332622537,3.337853067279109
25.499676457480103,32.71633084892312,9.060487233118854,6.102333526832301,2.5081843822993943,3.1470378803100973,3.183997105780123
46.24647222091356,57.84804614905868,16.65626175738482,7.614497999146751,2.966273426953918,2.9085349945660197,1.8548575389394137
60.45109502831774,72.37018588931586,21.66271845195281,3.1637270388077683,1.0898033016000364,2.414259260448268,1.5863474715940231
29.478863473546564,36.27872793865981,10.500310839522896,5.460641190431215,1.9128759244940239,2.4775647762038737,3.13557065971389
28.810345832580914,36.19826939731108,10.179872162085044,5.392115857943521,2.0987649190093003,2.9049083671394027,2.965603089532501
40.927168256387716,51.04530338123516,14.736187830780304,5.9084776218937405,2.3155476645101998,2.934528590716721,2.0950969026376414
29.95789918235626,37.380303760358274,10.708330464528926,2.7774587833836137,1.1521575969000606,3.1894579981561053,2.772582707958496
61.22869022666085,74.44428172280652,22.088360292983708,6.7695608773867395,2.398215773248611,2.52068252387811,1.5186632396541866
52.528035705575356,64.74297323326151,18.372364242016236,6.870163211941446,2.560156131138151,2.7219426106196747,1.6983561991744318
31.57040053457449,39.88016044555309,11.087216824312222,5.236649825235945,2.155167990572394,3.152992684838577,2.6101698986045725
37.15308951277067,46.71557932099218,13.00870262496897,4.837048368579862,2.019298331090437,3.2189293198310165,2.210769137371479
31.765791081461167,38.9624776511675,10.981550818565417,7.421823856709323,2.440614322008711,2.245904761422311,3.0219815200561877
26.18902838424834,32.377609545701944,9.11352192222011,4.120799632833817,1.5192495559437742,2.67832297669271,3.4161469602387604
37.78233143464648,48.233413009071135,13.397014087527097,6.986178846257724,2.9919355427799443,3.3396459903766607,2.1112084309804295
34.23854653981656,43.49772773943942,12.18449654139038,6.701974520337808,2.749630717023164,3.1386922196635583,2.397221261909085
38.74899817972215,48.06881311232204,13.410842032930963,6.231515774306876,2.3303599222929754,2.736408393103211,2.2830513963556585
32.379347045416594,40.46861760774648,11.180613751823929,6.936844344439241,2.5472341288095857,2.6621409135737646,2.7391786749196814
32.421072606940555,40.52506782354575,11.246072717723617,5.793118698206841,2.2131161569915005,2.825264756851961,2.676404533896781
32.15222654566751,40.22883990928845,11.43557570204441,5.194167782020881,2.0334522077155763,2.929929964347381,2.6599675748562626
28.747121556574204,36.08273209575154,10.420472213536195,3.318641516323183,1.3936055842820716,3.246485699585001,2.8529358744527245
39.225347631284,46.77396370286329,13.82358764713442,2.781719443420247,0.9288120443367542,2.300175762874631,2.4965113645269073
26.5984160292213,34.04467570867757,9.399101259000899,6.204106552943122,2.5349529222792944,3.1199852151631906,3.069793954222935
40.080306312275134,48.38923043280507,14.13531537657228,4.44538586274068,1.5220240579404856,2.3916882847181693,2.380397995910981
55.8369347883095,67.73418971414644,19.940985266144974,6.026162590935899,2.1160956469402254,2.4867955385245746,1.6772008593592345
22.35347492875301,28.878804375654155,7.923689544125975,5.090934390781666,2.2136434389774213,3.413047330746625,3.4966950227858993
29.85044967284567,37.241908304245584,10.66065791571012,2.538631722413161,1.060339620031452,3.2213471035043018,2.7723547294164654
27.790137426900586,34.689016429415446,9.807127725073247,5.554082527541683,2.0581189966998106,2.698982837512957,3.1796045712712346
48.56178886190971,59.24086011127944,16.910740068817883,4.173680116268607,1.5359248352322508,2.670906074147975,1.8689525062672787
53.14245276717148,66.21321012938866,19.1132906078526,3.3111686963872513,1.4007557819401875,3.2812061567785054,1.5483835277827105
38.30637105673797,48.0907639597343,13.754862319130725,3.145415267272977,1.3704528695047022,3.4228830186499426,2.097451147177546
25.095638468658933,31.54081680211709,9.099617518791609,2.850866323999001,1.2094231192618101,3.2945136368293513,3.2454605009692035
36.56301010546222,44.87083456620356,12.795467710740043,2.861026350719687,1.0936559393150764,2.8278595337109618,2.4163737734757853
29.38587723865027,36.59729012310713,10.493704016433142,4.58793995817558,1.7610715457533952,2.84539949806189,2.9558786139475304
30.824572748489725,37.919036053076574,10.654322285005586,6.232549093564095,2.142495328850811,2.40658061797016,3.0310257979822195
27.292793515334115,35.08673448648278,9.429180724417304,7.213269293460223,2.9045521663836076,3.0540417031472815,3.002750172058091
57.51654290731474,69.58750571696379,20.215338139737774,3.837561041177055,1.3757525042189933,2.5668431971011603,1.6141094423025086
27.890847013097254,34.11190336964237,9.944743251357313,3.9432119323979005,1.3982893974829882,2.524410059804358,3.3125091610420734
39.893633714868386,48.80410347134178,13.78312285045249,8.412194823043865,2.794162397357704,2.2814491644919612,2.39947968490108
34.771069574842684,42.7990292386755,12.516996634277392,4.184658672757009,1.564155317769454,2.7344242833809185,2.564841364550434
54.506447891226884,68.1771486480306,19.449759775394217,7.235955487891999,2.919467755269811,3.062926592028266,1.543646793550979
28.628475017192386,34.78325051888453,9.967969761471082,5.202050906707478,1.7213453019631553,2.267935243071831,3.3736449240661837
26.7707414518188,33.856642768383274,9.687877974808107,3.0979492069985364,1.3643661373773452,3.4756862176464205,2.9616419299614596
45.56924153268861,56.39683480208982,16.527529268219688,4.645244893985737,1.8206514707143397,2.934929330943093,1.8961952655194803
33.50808524084337,40.84156144244505,11.726116065890267,2.867743768703211,1.0510107267534534,2.6543582837128645,2.7170545453929327
47.17898816824035,57.91266340274375,16.663725062069688,7.529692312856628,2.6713553272505033,2.5262566597423874,1.9506338599024702
37.02243999677875,45.51389511648743,13.085683096972348,7.954822109870641,2.6923073253687573,2.349199533429983,2.546781822748733
51.32442838716612,63.90585887110736,18.03746649308219,4.88431630450943,1.9957840781538214,3.1201856263986993,1.635336723800003
36.515394808018044,44.853455364811076,13.224310051625858,3.0452693900884036,1.1647039883592067,2.830105173269061,2.416601283057313
26.059766946157616,32.860957683675466,9.213550618986284,4.496777606833555,1.817050234201336,3.069729038527841,3.199950742961324
31.098611150964445,38.292181013715386,11.08999186043227,2.4050110274267995,0.9370008329401484,2.9090614302289772,2.8019469343019083
28.50815537487451,34.9730133775658,10.253676148950579,2.4094583685003217,0.9143044706193906,2.7970118408760456,3.112807234465679
49.082855318212744,59.28718117205519,17.305337580899895,3.267894208385839,1.162353977551051,2.5362070853544507,1.9027275642719488
28.915480886273215,35.75917377354251,10.429775654486749,3.2356966634837594,1.2507388031315676,2.8752016173551187,3.0135030113772703
24.7997712425869,31.272909716934528,8.866927647377544,3.099806808532202,1.3253516650393864,3.331751952559809,3.2591637099030586
27.640087737442236,33.73083987910989,9.85981771245477,5.476213766416174,1.8206490289871322,2.2847659686386397,3.46997931228175
34.16156000429094,41.961781069728154,12.23871311204434,2.68756083099746,1.0320421399045874,2.8471562604445775,2.5774035959054284
27.868159935855957,35.10061135337679,9.939687757017628,6.77105743899053,2.5063460720357207,2.694546009759831,3.1442063212004507
45.88089855173925,56.45468228859226,16.533028104483698,3.6994215249597957,1.4317035077860663,2.8803285205531637,1.9075329182553782
31.433496733036087,39.82268674096062,11.064992764777463,6.387705636332441,2.555411151154967,3.0249571428153947,2.655186731762315
26.07988561911028,32.28492736160971,9.34132603311807,2.9563558354510016,1.1475006102377656,2.8929375274199822,3.3301801368140866
28.736222266466605,36.163922091051084,10.200526187443927,7.406880154087606,2.685794365397257,2.6117901801877847,3.086522700876509
38.90935177594462,48.8063289307029,13.876061126284586,2.5179205167415772,1.1095653617072685,3.478577914529789,2.053808974755618
43.09792596584131,54.35915914865743,15.23992744832186,5.204632072243031,2.2394436151149164,3.3621866230102317,1.8684496784760523
36.098833792025616,44.5540716160873,13.092465737982666,2.472686086009529,0.9836209869766434,2.9998874325907425,2.380646836736698
27.17162435461519,34.76356104043255,9.470385454684655,7.606794201292089,2.9276785535701753,2.85676880564963,3.1072070708830704
23.76291978022943,30.324473333029157,8.274110067906213,5.437008572848545,2.1962768011586715,3.0682959984447153,3.468220638072996
27.2562175037864,33.53727474481771,9.477464837550183,3.0791949307859316,1.1569134927214546,2.7557365942968,3.2638555166092877
32.719105075677305,41.0824025751134,11.732717933098566,6.148815975597106,2.382577969212149,2.885619508759479,2.619511367276765
50.63785322489929,62.76756340191794,18.413934114229196,2.9469895494094733,1.2123062770146809,3.1509454374424712,1.658813169286059
27.018494918657826,34.21642945377307,9.438315502749848,6.072432245886866,2.3625341569712854,2.903031881481208,3.1381270277233124
33.38938970560196,42.04188363696758,11.87334022300761,4.291334529363042,1.8103834337810707,3.268127967023613,2.442335797865629
32.83454135728937,41.22171972675672,11.607754248492968,3.637758919174542,1.53745770421592,3.276724028168384,2.4884248945006
28.072128532341065,35.09288438052093,9.967616900729908,2.418238613858916,1.0214024527517733,3.2737716765205063,2.9240280406615615
50.96591718346243,62.221489862163196,18.25349463098183,4.888700792756133,1.790772153591908,2.6523238350568166,1.783943979521988
30.31160517186156,37.81564240787186,10.92776329076045,3.9533451805821045,1.5752248825412398,3.0072071377219607,2.8022951697633482
32.229160141007924,41.06453975653956,11.381561312749852,4.987132310968982,2.1951127042506213,3.472836419419701,2.442574334796329
31.40283419322469,39.074223763737116,10.840657302297133,6.352936226190456,2.3099198327094146,2.6226352200612086,2.852355124150868
44.23371694669952,55.223984311862075,16.116511123312172,3.0523462761175963,1.2997950254517328,3.3124584365775225,1.8497628743519188
40.98413051304957,51.295874616469874,14.578267729129323,5.802996610638222,2.3271312617216284,3.03574648307632,2.058552176908821
44.84663015766055,53.904957063125465,15.801288793932605,2.492917495316546,0.8730165800373377,2.476437689282425,2.1106213533934626
27.848328099768516,35.955644395063075,10.013250120941432,6.239104351445002,2.716649860978715,3.4197962639830273,2.806325581062566
27.382047947714863,34.19724419781436,9.913309075919763,3.400914397494803,1.3726310866452067,3.064480374518794,3.0768946865065976
30.516117971029594,37.66574827219959,10.849976908086141,2.668037677220472,1.0441768322696585,2.928572820274572,2.841464623811668
33.328115715815706,42.14274850068,11.865087157186634,4.691523341019755,2.002626084413135,3.323932692379471,2.4207165424038526
27.49474597386094,33.589621502523016,9.481816622670548,5.117757074738142,1.7296065422862783,2.3439367713242105,3.453600657021319
26.89614174277017,33.963516395609034,9.78953103113519,3.26982722250134,1.4160821250110769,3.393499517858896,2.9798082415338607
38.30409843540306,48.605147228442185,13.878931463089216,5.688478736268911,2.4587161879129247,3.38400121013709,2.0844364609237953
51.89015239613022,65.45618042877004,18.5212780737736,5.473108689759952,2.3986761825547114,3.4516534641962338,1.536013111200909
28.25756107664801,35.5628281996237,9.702237434134888,7.589082304331685,2.720058447045482,2.565977557939409,3.1587893297176937
29.95689367571573,36.93273772164435,10.559218542092461,2.6021890259923923,1.0123758344299698,2.9029080196383834,2.907371954921591
58.23816835567825,71.27921028082675,20.821097095008174,3.843488019052413,1.462783573672001,2.8093983551038577,1.5248080725546296
43.44147873128865,53.45521549274247,15.043145799881247,6.752585806754136,2.4350250372095275,2.58989484495908,2.0944756154172346
24.049935318042227,30.916905643854925,8.568629017723932,5.333815283005447,2.2691703030980945,3.307943036708536,3.3057899903839747
28.827077599278685,34.81651015052909,10.098994017400798,2.8067217505744906,0.9737321568198231,2.440929233387329,3.2846049962793047
31.28568918947743,38.12011597716903,11.196762355299981,6.333320442820114,2.0821750371836774,2.2450713467444285,3.0891565574003805
27.226329139073886,33.544070432184064,9.819522138118568,2.4303103304645886,0.9400100004306132,2.877879395756666,3.211392187675079
35.84868640985723,42.962237001941894,12.912538367512008,2.9736387852291912,1.0064860266113838,2.349412896177437,2.697957016354421
28.0841953208293,36.13337189325169,9.982468623308016,6.466452888385643,2.7337535806209883,3.278072839111782,2.838400525876157
35.06687245607101,43.15970003742359,12.403408634939346,3.981432691902805,1.4972824931404625,2.7595556334172873,2.534892703510083
27.2613574907504,34.877686747615705,9.55681312155093,6.974644443295677,2.7635512379006615,2.982500460319671,3.0477593114603128
30.98764371367893,38.97776389208181,11.075812356210813,5.2586948285064725,2.1017337570739163,3.0206998190195855,2.714179157437508
44.564213903858494,54.630276408341174,15.816929498286756,2.6685129366498757,1.029294566178365,2.8660729108095278,1.9748669367496126
33.50927629519168,42.59493816372034,11.885079788766141,7.189907208623534,2.891168315689648,3.0478915374091144,2.475334137242529
28.766036548101262,36.15383761752935,9.967996501267468,5.70135332669028,2.195028869027929,2.858145877343764,2.9871878323531194
44.99118154812592,55.12085757675351,15.649889781644648,4.999182593084587,1.83948538101433,2.67040902116668,2.0087831616836938
51.36425925859523,63.16232702424036,17.980005305361814,8.208231284027736,2.937371919982312,2.5598586001286976,1.7800481951066354
37.853126036714855,46.3160635075239,13.211184814751759,6.156238203203206,2.14371615636669,2.454927026559911,2.464082116224165
52.1397848749246,61.86110335000909,18.16256475921036,3.9385970872553804,1.2819513800240872,2.209963242443993,1.9139851568768536
52.744625891333925,64.78795858250453,18.700194862961318,7.024829690946278,2.5656884950755883,2.6405188441403773,1.7160515082613828
35.59382853084154,44.38666883363554,12.421637381667573,7.9197592842763305,2.8498581827521963,2.581535470170558,2.5253354519128326
51.435778986921115,63.33649296695537,18.27971758459925,2.639297297811677,1.0504444656485232,3.002186470953142,1.674185533591543
32.041196169753384,40.50694991939466,11.560830335753904,4.406257220606881,1.8858024767482613,3.3364892820907284,2.5148238774356177
27.28028898844628,33.14738476730894,9.573102361431648,4.124996975750275,1.404409356142943,2.3709358558673763,3.4856336779981407
37.46264559502345,46.83883975416479,13.293671846244866,7.482438275727161,2.796744205624421,2.7343273978452096,2.3436563570776627
32.993437703721206,41.155115676701385,11.778782275514788,7.221789553641835,2.6123388452868483,2.602184533221617,2.7158104281814075
30.939180261839713,37.72526097327931,10.650426348219677,6.774860688149012,2.2000830144034955,2.2020346367489148,3.142396565100453
48.294321117309835,58.14621515008643,17.178774012776824,6.414992539745125,2.128349996488653,2.2773821104521033,2.0152144406674437
52.15969009995588,63.79341670093401,18.413996627746247,4.867547772848748,1.8037203197021925,2.6989905479584735,1.7289752761318102
51.025735452100236,62.927584461755906,17.760106467091394,6.545291618647979,2.45259170517852,2.744632127243718,1.742050000970386
54.19007356138265,66.77164897477986,19.272978098179447,7.822542556382617,2.871796565561635,2.6612026793867796,1.660360028163807
31.191678394120203,38.750915944925374,10.766708983194997,5.723514051121475,2.1060537406587847,2.6704959880892245,2.8573399133451294
28.641363660927393,36.53302256894544,10.38418635861053,4.96546730402011,2.1476616303586025,3.3872730318491078,2.772192092819085
31.630236732474796,39.276137719050475,10.840336293827903,8.212945210765884,2.785397276028852,2.3567259413247976,2.9479461109321874
37.501245427829,44.90111524474263,13.26572010629962,2.4162961910015013,0.8257545436079889,2.384778260931495,2.5679349450955278
41.87244827066218,51.84914513978727,14.576269368633842,5.409692442189471,2.069839750816012,2.831800641936884,2.0900814153083123
49.74137868915239,61.315775692549614,17.89404631421244,3.9753339315494594,1.5549681769798482,2.9262351153855533,1.7460065902474913
28.573992706972835,36.47873436088822,10.141671750638885,5.471439810143943,2.323484218672296,3.299285671886879,2.8045832971838793
32.33870506327108,39.516534324373715,11.560810154105088,4.120622306483091,1.473889697312068,2.557995526532044,2.845933244788865
33.86026482115492,43.06433100045757,12.216227393132117,6.22508864268431,2.6093292220702127,3.2378944426738583,2.3928390328031646
26.479342806585514,32.819016632422816,9.392436678967911,3.991967194015139,1.5015070003065056,2.7602807866672854,3.3332704716824146
37.84886485604133,47.411767209550426,13.5256737829019,5.938192386717331,2.3522888978164143,2.981396416840303,2.242344846875255
42.130018093724054,51.02453803496985,14.673764440532636,5.068451720890304,1.7471645446168567,2.416918262208379,2.2491057740402427
27.651111353365327,33.851791881042445,9.606868361308413,3.113697318293223,1.1398114438913125,2.6496406989592147,3.2801940703676165
30.34023460938585,37.86193676989165,10.612574097246297,3.870198768824796,1.5493291664788418,3.027973012691166,2.7916447725729685
39.07261140214092,48.17588853149629,13.831699575374113,6.325927641833601,2.289665407417021,2.604582743582412,2.319257789790464
41.24518126991927,50.98785005760052,14.439960122636215,8.476214092346325,2.9736791255423025,2.483260320531487,2.22918745639508
32.87793864217465,40.09605158850132,11.351882354271416,5.470000037925977,1.8682973392506752,2.382718857851869,2.876548471560474
31.66176639773057,40.034818701055336,11.16950707977026,3.7528128768080364,1.6452547685687606,3.453222629253013,2.5109102358209
58.039657932340674,70.56541220474465,20.26108007688895,3.1048412573561475,1.152054860219027,2.7043827879309306,1.5619115818386868
29.232361715897085,36.142818718417324,10.52493428265628,3.78601300370284,1.43633849833984,2.796079911546458,3.0124272279003534
46.309483739977715,58.09857266149139,16.95129616912648,3.40763674105467,1.4907267782301763,3.442694477641915,1.7322779204010512
29.41955986342218,37.91778731933433,10.329609871545143,7.018021664921349,2.9648289590630217,3.274719567663934,2.705885752958923
25.937369874547326,32.197342557569755,9.088115790323673,4.439660221898893,1.6481261904212292,2.7063264633731468,3.422270970815186
36.52394551415175,44.53983951664251,12.88153185742491,5.880657299739186,2.0181652677876247,2.4003885561320333,2.5828152146951706
26.760666093028792,33.89540837997125,9.476292398654795,4.179328361520003,1.768970970687333,3.2837449505188614,3.02380362520974
47.103247524685344,56.55122175254506,16.619678779513652,2.6629677738823165,0.9268246808378547,2.4530109877163335,2.0186697946341887
38.942748111630465,49.24717856766727,13.911512540265825,4.620544660795686,2.026959417750097,3.4563426016263294,2.0404953842615665
35.69917624033734,43.35630043570178,12.650002208591792,5.204881420877304,1.7768962482448465,2.3809557117494045,2.660935201987392
35.30692867285515,44.374590308323675,12.575973760511987,8.013441155398871,2.986466455579336,2.722312440850622,2.4777956635849026
30.977788835329452,38.90619153350897,10.827222503054577,5.518294453862148,2.165453055614085,2.9401905695369677,2.74681191631888
42.74785981587492,51.36770753876981,15.124265481509795,5.605656604544548,1.8462012824710188,2.251297392758169,2.290275486528637
40.34043800772814,51.405622777851775,14.579602570868513,6.388583238068146,2.800800144061933,3.4532375013151677,1.9554994722064192
31.73646819027027,39.71244892950414,11.538520149444967,2.5437755154235506,1.0874351564116185,3.3309599075419905,2.566773257530725
47.32008909819451,58.93319839180299,17.236393809180182,3.3598340210220754,1.4066886501529854,3.232473861314227,1.7496416279336966
27.711188304528065,33.98852450520344,9.91685857638224,5.307010222070901,1.8178863311438658,2.3934347602266506,3.3880841876507954
32.649937131194534,41.36152878336626,11.611552885621556,4.909774973617227,2.0952093486889036,3.3226117792689087,2.4668148719462932
44.98663927005791,55.01820238015923,15.775572454726849,7.092975910816668,2.475956021030934,2.4641900184119137,2.0715671110517406
34.46216565721175,42.91403930988774,12.371116706043079,5.399641584528153,2.0700138643128887,2.8400231240015366,2.5225509244015023
24.93887917930037,31.732066830949165,8.794471673712714,7.018650169713955,2.620541628633867,2.729859471145962,3.4614786871668586
30.207964689575192,38.01994099216687,10.703883180693344,2.836792828113768,1.2410439341624862,3.442861286695513,2.6470579029111465
26.819646130972735,34.053361518301806,9.529378601768604,7.062748823678324,2.6633314792555334,2.770894761623873,3.2079239339108443
49.97730627461826,62.60450882120279,17.972433785799026,4.163325444936177,1.786301921812729,3.348504191881879,1.6249151872381429
31.45523886002427,39.4225815470938,11.187684888709859,6.062263899022157,2.3129884933472336,2.8198965088131622,2.7531850221864205
33.071225811097044,40.024771769247295,11.610361107464248,4.279914885877485,1.4586702944176988,2.3747656682305585,2.885064863074216
29.623957566955216,36.15201250627417,10.668535677105794,3.5285991423706506,1.263550920507847,2.562387834138919,3.1088744153590104
52.233326532692814,65.9087699726176,19.065968895911187,5.1749438824836105,2.2890068574862705,3.4971671123865717,1.5177265702269378
46.94846369276953,56.59577442915244,16.76894210482404,7.426798735697699,2.423312940835366,2.2186098609671783,2.0892387926923863
31.29421258471566,38.67467332946623,11.064904736474595,7.18937426306906,2.457541428965332,2.3857053734910902,2.9809522639070383
28.702898288704795,36.76137342313763,10.208309938245318,6.405842722117144,2.661027167291011,3.195950712634262,2.81708103134011
52.85323074863476,64.59481467434915,18.77991316861212,2.5360686913166863,0.9708285362775312,2.833916152567374,1.6772094279393583
42.14405555165721,50.56866909742697,14.67346638742872,4.713116504007168,1.5674051747328546,2.2858127973823144,2.314212978251255
25.25946737373485,32.29766252617839,8.959398389787074,4.4576766895939715,1.9496685185408396,3.441649769479212,3.1164704200184445
52.782025407662694,65.36827963347675,18.882031558285753,6.629413901295624,2.5479341978796475,2.850811548491543,1.653724150552327
61.13666794553494,73.02152328565192,21.49356777753331,5.058012533599453,1.6863212217918018,2.2947723859782747,1.6004520229279475
46.54013393636424,57.18030164431253,16.693019878266373,7.165119367320331,2.5676620352531465,2.565305848581328,1.9647686461120957
34.90432129831437,43.885449220824896,12.528757080474302,3.4916327492654182,1.5072905427453405,3.377944302772246,2.310205389055133
42.9865245684751,54.115285284023585,15.305242925321826,7.370743009808406,2.9537584533845798,3.032618854828597,1.9520579956319994
38.51613091756193,47.62143575855759,13.983221555598645,2.6654051563008307,1.0704254926238528,3.042162679787687,2.2156281682270973
35.021804164155796,43.512261349672436,12.44053918583643,5.521833404924604,2.0889025345977426,2.7841546646515347,2.5061679015596727
51.58644308692445,63.8409311773627,18.622336481115305,3.2841006245022397,1.3322496966941653,3.0874023875904233,1.643551612453026
25.717586018119793,32.736306560050366,9.154081390344993,4.800956507375492,2.0155021282973564,3.2451460598182766,3.1450695887683935
46.53066814010016,57.90950402159952,16.684980532548376,3.3545327687436006,1.3971006369827716,3.2079499955240762,1.7857519226788234
46.04662852204335,55.83024892895311,15.954294568431594,6.412506537870164,2.185026933161821,2.3739768718996013,2.0685481858550334
29.28212298069348,36.002492888052046,10.333885406190017,2.3421599235577695,0.9030741987607269,2.864467881008399,2.9972904682524
32.61790009145359,40.18719967869702,11.170685007164106,7.967666472805076,2.646544683183205,2.2814965081084257,2.913952974911432
41.87503911579632,52.14893994877837,14.750515202813272,3.62644925275663,1.495794329404475,3.1631752729976927,1.9936477384038045
41.067725366084375,50.69383782683968,14.336675330346527,7.432162614222309,2.653966184753221,2.551511272299883,2.220467837600856
25.99071454211776,33.00970588621168,9.444369051522244,4.079682779870631,1.754398323068365,3.359433788253955,3.0778649435520142
37.19228055098874,46.50528311339377,13.196526436597201,4.64421659084527,1.8863908890052432,3.0931250464542157,2.2546361079263857
33.70164981863018,41.497276887571495,11.898180495193248,6.871281850019862,2.368701311395501,2.4170390153713583,2.765423757497202
23.168553534730687,30.19768688781272,8.202064544678079,6.971065761113484,2.891699957008944,3.1893491273260177,3.4320950102573544
45.570921388314886,55.40091100911429,16.134280225450766,7.470773928596187,2.5200124993588586,2.3369743989261136,2.0961044172788865
56.33544142374839,69.38308419270773,19.910797307857955,7.899414603650758,2.9049595940654296,2.668065605671272,1.5963720247865925
37.50370997456249,46.03461683450675,13.2621924974492,3.320848569756162,1.2595419928113603,2.795009486707082,2.365458272039409
43.189562539910334,52.39448125852515,15.143454663125794,7.520639381674019,2.4886487827394204,2.2680615262437143,2.2396265119743535
25.852639790734685,32.51356785359816,9.32138562635586,2.9782743705486725,1.266386920337048,3.305452401455864,3.1443597736328464
33.20817609616508,41.63416136589337,12.015806700925458,2.97343600264745,1.274629494188199,3.3442037592979306,2.4445636083259634
33.94909903267115,41.264664535585645,12.108941419504394,3.056520414788455,1.1005219880325798,2.583891920843383,2.715504244505445
30.151350889976868,37.499580326176904,10.544430680737037,6.120814240705411,2.2186317288490907,2.610315546892355,2.9771949162646614
31.250866553430935,38.97593202736731,10.815512749459765,7.913189708748818,2.758473005799584,2.458979857362269,2.9264137665652354
44.03171682425206,52.4297157266767,15.632532780227505,3.152334870574243,1.045326867106808,2.275519537704455,2.235571975512306
44.35696734517917,54.24042523593945,15.437236367353014,4.16801351322498,1.542160202892004,2.6928222632735173,2.035185353455943
51.1651512801959,62.74476927941261,18.09089232506562,5.037107116207006,1.8843020857843826,2.7377354773942257,1.7487367980010204
33.64728181157817,42.458692439617245,11.82684898033763,7.682669789527854,2.9196983299526944,2.803323707289555,2.5618753568241877
31.354113025984855,39.12993909391198,11.112068720623093,6.9132602334203055,2.502781031936078,2.605423015291948,2.855084534917906
31.412514935135935,39.46691969734537,11.107250715682795,2.4470624861575705,1.0762104724778374,3.4688179702629776,2.542592095308278
27.065903288379616,33.847660974446526,9.610304200218684,2.5333049183315257,1.0644559040652677,3.2493021985743473,3.040316423514192
59.8093369838959,73.02100807406872,21.175910769662345,6.950451852833735,2.5009121226210773,2.5813011940147343,1.5351047267332578
41.48641894666701,50.98055673678887,14.917076500966306,6.162665718142149,2.2222092316034474,2.5897406858348067,2.196191186336576
29.825091020715632,36.949475019313525,10.500540069656452,8.480935269219144,2.7768333302846466,2.230673454039188,3.194121653967799
28.638545956243767,35.575385812718025,10.047489184090185,4.417431463153201,1.6756116444999063,2.795394486704643,3.0607522471419606
57.69553521608225,69.53748486948875,20.46371833379723,3.8133231666929386,1.3425279969516541,2.496705972541809,1.6313897179087316
29.542511035554384,36.25968755145595,10.702523823160906,2.4325890001961468,0.9272577887837534,2.8159527769173307,2.994888813193388
23.34534009659582,30.499688081305475,8.214047317269012,7.137747526910509,2.9809213834412853,3.220746406092931,3.3854486381882243
28.071961774937662,34.09835594799891,9.768126974456175,4.8078746072285306,1.604497646175017,2.298286552801776,3.425536700506412
50.384424790750046,60.9688421825166,17.994339210735394,6.350745866343715,2.1693100114451926,2.383043833560479,1.89166616826854
35.18954450318337,43.362410625284795,12.395202864978247,7.549783665373683,2.584472293853636,2.391051522464673,2.656596798840721
37.154518913170676,46.156620153745145,13.189562242211228,3.3898573912302776,1.3717909543342324,3.076369384196882,2.2763314122539913
27.169226029004587,33.62906746707078,9.701298363276637,5.101650144200263,1.8339741899474606,2.5776558573728465,3.33497168626398
33.555104048832206,40.17053535604368,11.644683400893541,3.384706184280936,1.1240666974137348,2.280864194014114,2.915442700535055
32.18743416977402,39.49551905514494,11.648415051655213,2.897121572499618,1.0954046719850064,2.781975453033544,2.761843580458327
36.116917708330966,44.213243742267615,12.82797297303447,5.375637332349608,1.9013278565403569,2.514461282346756,2.5593194478912396
55.68400457154159,68.06463273986687,19.64405882454003,7.201578147577492,2.575324079944786,2.5571149595622598,1.652478435947129
34.51390106559153,42.172598927791604,12.11586918516662,2.3823148737176814,0.8965798738146114,2.7626608028723103,2.59315428406459
39.56050450615727,47.61298175669878,14.232103553413044,2.601466271609383,0.9099538630512932,2.4719411050303064,2.391083277483782
22.93275399189628,29.785505777739623,7.995909892113379,6.39900383129067,2.6783268277502676,3.2310857361957614,3.462385058328232
26.386923980427913,33.35292012512341,9.332616938568293,8.306054683178909,2.893145582796031,2.456003415789457,3.4212539510263995
26.81100545807065,34.29976113373665,9.50397305294835,4.661730932405723,2.052987515047628,3.4754868513293684,2.9234456114920975
36.3787005633865,44.837635199150164,13.053342696282046,2.430823480072552,0.9607794364594331,2.971629215992422,2.3739917713312417
26.33355414935113,32.999329847796595,9.317707403620064,7.32000400117249,2.5437092558344436,2.447139944718846,3.462355673524589
23.139210007352997,29.69260972659693,8.420766116868638,4.4461388919647,1.9472112051872383,3.4481762857270812,3.3874031856404416
31.15873354979737,38.105303393142904,11.055469180150869,5.374104592405619,1.849180234229534,2.4101728671080505,3.0146204142688777
42.38248137291766,52.95775402074374,14.873948739479708,5.655596430552523,2.2665210539025624,3.0327997386135537,1.9946806316381667
31.209237940941584,39.34021221164496,10.912502675233931,4.560938581435847,1.8975704619790723,3.20311498427219,2.6301706249055123
59.39781859970098,73.0006209865983,20.781783879029778,7.723836957924511,2.8376269505499208,2.664138147161016,1.5180769381585844
33.69163382040203,41.01987516008844,12.066832842256707,4.291376599621279,1.507673977251007,2.488698631901317,2.7687273777433745
32.40859278019593,39.33842994480163,11.19790142171662,5.186172559131865,1.7431444461701542,2.3240190605071738,2.9577228845398937
34.52217716640003,42.75940867948349,12.236170273900852,2.6300119498745373,1.0607057719159334,3.0611642152113885,2.4617802932060178
34.343794477339756,44.0755214133766,12.016840144096046,6.890248108457641,2.9851610339305212,3.3953903320528647,2.295673251004314
29.60774625562664,36.57585057379111,10.56167676940626,4.506337630059065,1.6634080097048562,2.6832412863230464,3.0220158469907843
23.48120339193971,30.18306158244055,8.327391701156827,4.737304633847568,2.069669689284306,3.436207172853313,3.336852864290817
29.72223292073058,36.73563340930401,10.380641347110375,5.752751351622273,2.040962863433739,2.5263017982409903,3.0750981717175585
33.14244909958805,40.233400331835114,11.926993713154607,3.4553106723238995,1.2215044806166169,2.512518586761559,2.8132621474157524
51.699020809926,63.397184843447235,18.086627373347334,3.340240478033551,1.2858761225186197,2.8577452800554113,1.7036073658990738
60.02941952829348,72.88469172529318,21.009521560507117,7.829804325426849,2.706894779913201,2.4277883037375756,1.5720376365828528
24.94773393114554,31.35999098674167,8.855094332047898,4.470113874143601,1.7605512174912856,2.9561089808859515,3.400918341150591
32.73512947724829,40.924389541945864,11.63933082417758,3.42898944678616,1.421491345140275,3.186409129884523,2.5333967704525358
23.481123713219887,30.649852432000493,8.29060480649905,6.3332392225177605,2.7636281004702443,3.430393467095527,3.2881886050665017
28.402036077883114,35.4644166332987,9.91054073156254,4.9664279797056405,1.894587674721425,2.8192364532914285,3.0607310060137634
35.114487540428485,42.628625004125084,12.579263760926779,4.407294813799173,1.5294423379478264,2.4419766670793526,2.682260606517033
51.36888519629872,61.07544635005525,18.56604338165069,2.856719948366446,0.9518167037481959,2.292505770725463,1.9141516184217104
34.953132471678614,43.68013200569841,12.464898899593763,6.916598803435903,2.583932878217421,2.732235693362124,2.5138408759236692
38.43177476057978,48.39385287233155,13.7449152941301,6.134569231304352,2.4964701948741506,3.1017034747159338,2.164382066231209
44.95409076632778,56.479068044004585,15.993109690967199,4.6383008609408805,1.9860080160192193,3.338648008572174,1.8031901496001987
42.077309279803835,50.07140055386448,15.083761654973143,3.2854781897926406,1.0813069626893188,2.24884241751858,2.3504563708753876
59.720433741889885,73.11110049284966,20.83771940713542,5.206647524708296,1.9495223983882948,2.74153557702698,1.5000232695107323
26.89661566596191,32.93154726352041,9.404050179943429,4.176219161372291,1.469237183199818,2.4939629306245736,3.4461563259446657
50.31689829413132,60.458951710464746,18.087410829053596,7.4047690115113705,2.404558546993592,2.201915968712205,1.9608333242346998
43.12826534229834,54.01552109956951,15.55728745820765,6.029480476886373,2.4321719193091735,3.061961349344449,1.9485869665700901
39.117765645883495,47.71313915693776,13.969155910690517,4.198888422527526,1.5156492948506686,2.593810177332558,2.3452583940272183
29.918065396566714,36.52040702157339,10.709252284444526,4.664209135576823,1.6160702179470836,2.4360981580835834,3.133558933011272
24.880688866192955,32.18984046684418,8.826220673628963,5.578996148314419,2.4593461713005778,3.4803159235912187,3.1133870393894787
31.706004663373594,39.26794953298321,11.35353468084964,2.4125539472503883,0.9726027958976727,3.0593185305215163,2.6812756679892753
31.754520477701156,39.31606950643956,11.14565569850762,7.301671027870586,2.517389778336226,2.417517695201379,2.918641656945219
28.648741682389307,34.53621038544716,10.14582429783152,4.19682988687698,1.3837175026220274,2.255148987668959,3.4044435713951895
39.627987182936586,49.87728419013431,13.878265979011777,6.033059506354499,2.4698116215482484,3.128751413292615,2.0931198244118616
34.495153668771984,42.706888280404755,12.457251120138482,4.1847282204426115,1.6124176944741904,2.8615577222683726,2.5277089284135354
25.98955331040287,33.17997069005641,9.169374048271353,5.82152803016968,2.3715185986169947,3.106372196482528,3.155012639746442
24.453864998666344,31.336598260107387,8.74996194480716,5.905092798716482,2.4037583356427965,3.102974055429271,3.341989042193152
40.31103756113187,50.2449891708045,14.379374479880896,2.926232724266357,1.2295293265042826,3.249192175026714,2.048143178684382
36.156700683605635,46.20056763097719,13.050465455750375,6.0996464741424345,2.6843818922454394,3.4720831089058826,2.171220908539685
28.346828091216246,36.21966451062479,9.944766111728862,7.36445123284127,2.883599467638742,2.9306946327233425,2.95411352323078
41.48994217517171,50.792293141527026,14.724284860571071,7.34820257704725,2.5296524349743277,2.4119459380110686,2.261035419739789
42.8370878607984,52.00452093513175,14.760244482319418,8.075930289547381,2.6457941209796236,2.232751438146998,2.2687100770482695
27.1590614601219,34.54372405563213,9.636563298553606,4.014431886724268,1.7628549219260476,3.4613342426438742,2.907399559258102
27.817164295760513,35.31274403335811,10.096597775846387,4.75179838196603,2.0021466953712643,3.2622665846202605,2.9097420200867634
54.50936698155598,67.37513006795672,19.64100251902702,6.186129926272943,2.3805986841096103,2.8562342777958865,1.6033374433159222
44.225361110089544,55.43166307157341,15.765737118798091,4.807307655630168,2.0159555665807996,3.2400045262927857,1.85851122381558
46.38546546430618,57.844325560486496,16.564054744498037,2.684185199020649,1.1460010579953739,3.324884486581586,1.7634300571581871
38.75850210771613,48.993410300112544,14.035725314332195,5.331256328297945,2.279946587259576,3.3328382444481104,2.0800910639248738
42.48607484908587,52.92665386331464,15.324228617821674,5.15858952705971,2.0578411629162474,3.0123363294890986,2.0009357975849977
29.13180194622403,35.714808440367996,10.005879577684288,7.001930201575914,2.282843821929344,2.215803802920603,3.312174120962521
35.39485662142344,43.19582738065468,12.448500346781,4.106724477534384,1.4749085189487108,2.5739225477567818,2.597717330154712
32.584091839925094,40.573071236431126,11.402480181221591,6.614198744547017,2.411937911298617,2.6342649553694,2.7425848980992202
50.716818269199074,63.1010358443358,18.148905699343075,3.4222775316364475,1.4286683141039533,3.2188877952293393,1.6367064006199172
31.87494896311279,38.77087329743432,11.257455953276244,2.536517821481739,0.9244884435227744,2.6321930042933257,2.870887766443803
24.4347052177096,31.16493379377866,8.659827473570575,5.6805228270627195,2.2772541270678555,3.0342547164881255,3.388897165388607
46.73672596814431,57.76374643557348,16.271181938602336,6.545159359930508,2.4520675563993004,2.743834023332964,1.8979842779188736
44.91032473305125,54.69759688498219,16.20099540899926,4.89226368849443,1.7504416407079133,2.55921484100561,2.0557055521794245
53.769452786010106,65.9158551581799,19.539120601156515,3.091113675443647,1.194602300426863,2.874311292694774,1.6350050933676439
51.691629107227534,63.66022917961596,18.45452232703515,6.498693786939795,2.423346966636134,2.7246813030700685,1.7266070094549284
38.62439943319057,47.337319247347004,13.543843889251365,4.574058103399279,1.6747472328163153,2.6504814183385337,2.3454572737878645
46.236444837201596,56.746396715622346,16.316455926149597,3.638214612648331,1.390774263348736,2.827951606826557,1.9106658774135998
27.925886807768254,35.70540232420859,9.822723901362714,4.848158405850922,2.1280018412306254,3.4590985312098597,2.813512126949114
48.662251752837285,60.99269373381678,17.25696267794788,3.327740991744507,1.4540397386761341,3.436850187099236,1.651167227708134
31.16281472116415,39.25884496751204,10.93455354224603,5.583918308402089,2.2267106042611142,3.010743411777346,2.698089174300763
52.4451335034311,65.6827819847793,19.058181349331846,3.0830066925601027,1.3519647005204256,3.4545199802908133,1.53022136842895
29.237489379771656,36.439874312447394,10.302385723719244,3.7474566050165743,1.4883962672700262,2.9930096422033317,2.913259739757419
29.363426871372738,37.84023239511007,10.254465113489143,6.750711880283574,2.8828142036314706,3.325924323695199,2.695336565405406
44.02845419350356,55.70554453353533,16.047830836533002,5.549170511151535,2.4203775023365437,3.4281571364180037,1.80965722519544
44.887877535908125,55.92314190999996,16.064088741979685,5.937186725925934,2.342507107718442,2.9638616324422227,1.9052652682706863
42.39785783183854,51.03662872459154,14.806221908443886,6.379541319082183,2.082437324969379,2.2200133591987012,2.316303381733396
33.17573919635467,41.91545603265234,12.085971810065715,3.8337534921660086,1.6778776988133566,3.4448553196089624,2.400508492285781
44.47092379516755,55.98892049465587,15.54064280689761,7.291868762278078,2.949415299765676,3.0741986474325373,1.8770812114985023
59.20276262103104,72.0972548621992,21.30542954172049,2.6665061713041194,1.003776062713008,2.7636576304223985,1.516639884454384
26.564478422958707,32.842926375692784,9.378756113740069,3.636654853845224,1.3691656127419702,2.7642272645213866,3.329097327697118
33.089251885401104,40.166986931608854,11.677322846693809,6.438744698205942,2.096798776866334,2.2117704100544824,2.946895635700002
32.938828989284026,40.77036742923835,11.368709389403511,6.70301577376192,2.370915991431879,2.5146287039751405,2.775376493791871
42.44922961554464,53.629767269077426,14.90418567730488,5.661570137738866,2.425190931598446,3.3407110606508263,1.8985406729336016
47.16676705172916,56.96023237858985,16.547869970958764,3.9832652012857888,1.3957739216813398,2.478728427891114,1.9967525207396004
54.307862867906024,66.9946492777154,19.347032421866032,6.356949028106416,2.4120136445295635,2.7966226715758666,1.6250525914856915
33.10771297488825,41.000801546493996,11.702995128282941,8.652334123673743,2.893279562388932,2.305493932097111,2.8457433371961596
25.456996225479863,33.00751750467212,9.004827533492124,6.757786154649811,2.8519631178920752,3.269878946554298,3.110180636991325
44.678015205698614,55.794969677518054,16.031034074045618,6.1169152818292085,2.434339286069466,3.0018186902083035,1.900564035735252
38.21943578306026,45.99870589501337,13.727213147999008,4.856261145346052,1.6164484645462813,2.2889963351336515,2.54289804833376
32.52267629324705,40.248656401156595,11.501940984020603,3.579181133420501,1.3914777316408258,2.8998315262324277,2.668897819514852
24.925754697224857,31.967880629291333,8.760053671997444,6.271376311498729,2.5322514588551326,3.0664019617848863,3.290692178306338
33.08334889206469,40.942023494317866,11.578618473332797,6.635334646812744,2.35201382662367,2.5228986913661697,2.760494438912316
34.87717713512434,44.2271886135071,12.117081050548249,7.1179483239484505,2.859817367231639,3.044119021949946,2.3850910296294914
28.853020732860784,35.59746314991816,9.965701509479212,4.939042344932885,1.7766227999140314,2.5800980435358514,3.149486474694015
41.97452633982117,51.40806970525929,14.960963679718866,2.4015864463051555,0.9235873701643659,2.8534206154191697,2.1020921556686263
27.888245121181424,34.62068996692214,9.687663133812347,7.357325445455738,2.4817696017661097,2.337011183540147,3.3542212577168544
33.047688202140264,40.128086667012354,11.546102432547615,3.2338927102553177,1.1508829775909883,2.5383075773807984,2.810347429048676
57.532705456980544,69.68480717159669,20.652638122486007,6.517292543004475,2.2612826469757303,2.441340716371616,1.6409838912862893
26.956157070076358,33.52796126367382,9.547625930918054,2.5690925023105664,1.0429500995044259,3.0906746028368293,3.1282513711823237
43.72040054510948,53.30567116076965,15.472640504904025,5.450391480920826,1.933012451361391,2.5249440303169077,2.119613750644938
40.39196797443482,50.08840816321228,14.392533085618279,7.146622842762743,2.622822315393379,2.659925906357367,2.2137719503422204
37.48556726383224,47.86794828038665,13.291666677164073,6.695196409329678,2.8961930374055136,3.387924977035237,2.1155916633614913
38.96336684518739,48.89866137958395,13.952878234011036,7.457168140053718,2.8704657875740818,2.8573243994485464,2.2088498975861097
52.69028378699971,64.58447152707308,18.690738723550936,5.428821165353232,2.017416617449498,2.710549966252841,1.7051359251671796
42.91310788936157,54.088298177150506,15.575447897574008,5.371443519559091,2.2892697225930423,3.3164618025186012,1.8877261358737853
25.52330053818031,32.27504106721218,9.119506346856472,4.273183032162728,1.7662633227493783,3.1728626097654615,3.2175285586989446
46.656318363625736,57.71083130487515,16.825766335919692,2.9518107650340206,1.1943571626264178,3.07573904271738,1.8207308122394863
49.44115947060473,59.13211261283832,17.189137243699964,3.434703455701739,1.1636258783145064,2.352816690195286,1.9591963215079373
28.047317414286983,35.440221857684136,9.83772070631144,4.697359516710908,1.932853369809171,3.1521213637758927,2.9374792357070603
59.82087778833318,70.8575932817057,21.584876207499885,3.5629366859149556,1.1646459893234857,2.2248676563684735,1.6671086750213795
46.033496713333925,55.91058963063611,16.18412756555098,2.8108850382090194,1.031760065858933,2.6605527253823804,1.9830736834033635
33.739481627110045,41.8357029726809,11.811398903866149,3.3755050018339054,1.3397750911656645,2.9900784880243485,2.53844914156041
41.03189843767698,49.65549103909466,14.807294991054732,3.6369282277938444,1.2830186311055642,2.5044643822042345,2.2820657382547975
31.4650085849724,39.18941224278333,11.133378598762741,4.3860286278013705,1.7147052277513084,2.9239419761237246,2.732600971851448
32.06880790979812,40.5514529869336,11.229852463969614,5.757033338513391,2.344721411600025,3.1053587491469394,2.581810007676162
35.054154279340445,43.89853825446852,12.389664214711766,7.262014243881019,2.7151593257926456,2.7355455235443324,2.500225504153254
37.09554895647643,45.184997437910084,12.85117104570682,6.299099261817178,2.1324033565115053,2.350013034832593,2.5650081328319634
43.55755645975939,53.02007080013721,15.163014808878533,6.794520864071056,2.322562023453612,2.3856945542586314,2.174413151131504
35.48520349929977,44.46338272755433,12.765319994080738,2.902600843742024,1.2494960434777347,3.3643772109044123,2.283718746376052
41.65524700461577,50.52343544301486,14.390266552928663,7.785833825725858,2.5440678498601885,2.2235612533594487,2.338543322332044
34.948983877621515,43.70890097503898,12.474413002428463,5.57633449403386,2.182538204552092,2.928881783420635,2.448510041953907
49.02582002864031,58.97988280694544,17.318724519445354,7.341396977621212,2.3915760571808065,2.2129724096559844,2.00654476704543
25.048426044973574,32.36969231787382,8.851856413085056,6.294598549192266,2.6553175691333433,3.2678048717709025,3.1722354064144973
37.96060145830011,47.59657735717856,13.409191047336362,4.285322392983248,1.792847048664361,3.229025663368781,2.1672567916737315
24.894212308510674,31.69545994516251,8.735766817319902,4.256616097022138,1.8258814635083744,3.3473278398040516,3.2099480391229487
35.54682792464174,45.24619281939811,12.492584521572704,6.632072411028715,2.7839028628017033,3.2445989573013843,2.2756521798338625
49.803122052573364,62.315426353659184,17.935646606738835,3.8676442505481288,1.6566908657535258,3.3405555890726903,1.633947224050543
27.644122604726448,34.053941916184705,9.496230279672044,6.693031133640762,2.2262996163946105,2.28653414628849,3.4361316241015176
36.44929325844564,45.74103699288262,13.302628112358303,4.177361086943061,1.7536389120623959,3.2449589087514807,2.2509378569330005
34.921666623855046,42.60023822395331,12.300281697128323,3.536591350373093,1.284244916990457,2.6175107984267396,2.618118569893204
43.411080331642104,52.09828913183041,15.331501255956821,4.845641999423087,1.613063238738901,2.2893277810411496,2.2450665475191016
28.17393092357252,35.77028909639824,9.764292236329618,5.859515713135716,2.3592844415041396,3.0537483301380903,2.945475504477609
43.707128714259504,54.39725631000702,15.282326860719031,4.6247043430030725,1.864776609995444,3.0601895749198134,1.935334799161072
26.19341410139108,33.27530003782507,9.148571939866297,4.821214995259561,2.006522158585838,3.2046524452774388,3.1089892848636445
27.65268070995813,35.15169234102469,9.83379560147737,6.395197729813632,2.5203119497475104,2.9588276640507734,3.0330300990651695
28.111144892010415,34.70223640884818,10.064317221059115,2.8694765306076224,1.108713940025733,2.873410486326012,3.106004143915674
30.41542678435755,37.92291564177973,10.749620721978296,2.844561903809951,1.1737382133116177,3.1649291433588136,2.7409475701039407
24.42738878192234,31.644427442434917,8.686319504314653,6.76645351786223,2.7981026751407105,3.174971137987692,3.280819034438657
30.716861638135903,39.12110464315722,10.876752056694206,6.850165003125689,2.7560814326680223,3.0503725581362358,2.6943106119806037
34.12462457533632,41.58986450657978,12.123450558391925,5.3647838984813,1.8426266842554262,2.4034197308046807,2.764782648656775
46.207030917807614,55.82812087526057,16.196395454990316,4.27108520349681,1.4904189780937143,2.4629304346818954,2.041885396632731
45.69040704779224,56.74650747684066,16.13881201281541,7.451213904685748,2.7972447305437753,2.752306095728513,1.929825274072792
51.607470867430635,62.25140552897059,18.1297089828393,6.9830094752901255,2.3315435193034357,2.3000631701951364,1.875840761630646
26.187294120748952,33.500280274280115,9.1435509944646,6.332362993523718,2.5517311911910108,3.0573639992330013,3.1436618931707185
31.14835321546904,39.06610776999677,10.93192723065507,8.042795906866886,2.865950654790642,2.5432805801018343,2.8847178449221165
43.253243107307405,52.38760501981708,15.461982372835008,3.417598843015806,1.2200384871576158,2.5503654209799547,2.149023600350684
44.47999176515568,54.92522050437716,15.973854350070798,3.495227325266204,1.3821970592357862,2.973894245705736,1.9374312259958546
25.729068320127016,33.02658785355546,8.991792289239513,5.935488813824092,2.47387292804772,3.211432816088049,3.1298794570810786
50.28192181216884,62.41429782297842,17.939361950995377,3.951100227512435,1.610363870347573,3.1086334770336013,1.6767698939690376
59.98686789432601,72.19335272052999,21.652908862609117,2.456663626713162,0.8740880885238209,2.537449384057564,1.5622981855867821
42.65855695257614,52.94460625212416,15.481272323918633,3.740886230087561,1.5106601606590067,3.0669016086973557,1.9867933664370607
26.854379995808127,34.01764038234479,9.540579498805632,7.651138140857465,2.7821139705190294,2.622877803870272,3.2762363778680714
25.789918935486924,32.473648495025245,9.261840862809962,3.174539296593192,1.3478192194399978,3.2983327520817975,3.150831328247896
58.74737316377206,71.1913646794494,20.55976963256749,8.919840429986188,2.9975637464732396,2.3233933178681707,1.6345118279347357
26.665781499871176,34.34669151987016,9.623791595386004,6.397226024821501,2.687651196215904,3.248664568934861,2.996367824097693
49.60662619448622,59.317025135295815,17.29981192360952,5.174076529058127,1.7046213395880894,2.25245607491761,1.9829929705137357
58.45633227216193,71.69220366546804,20.75401383408194,6.863253974425509,2.5242241523655204,2.668554875283932,1.5448517783241102
40.01871686539876,49.58743445138339,14.019584357192992,3.2568647132065016,1.3104399966793836,3.0506446071405358,2.1255559784207083
27.48509534991041,34.97276351491646,9.512681875103844,6.211561599937081,2.4770657739021122,3.010866010323212,3.0287067728728547
26.431328680076277,33.3921602616097,9.394459312603571,5.120571131889098,2.0394697715678083,3.0053840600471946,3.1742392556613046
26.123688561507468,33.002221575620815,9.405750452939213,5.268028321050527,2.0780908357539944,2.963017458526579,3.2288664937367284
28.821635623168252,36.23125169952198,10.085296253959063,6.2423376349977975,2.3562734000724412,2.774981947086476,3.013460334137136
43.31275596738288,54.341382907999844,15.612216603788397,7.183406002280619,2.8420006158506936,2.9759074399540872,1.9577509249669982
40.031642836866524,49.276627377956046,14.54135556277686,3.265907659333822,1.2655989768536948,2.8859807060882035,2.1838105562109806
23.676912237031992,30.466644329440122,8.388400465655314,6.395539975810243,2.569710931290442,3.0443616086196816,3.4622358157358715
36.1687418768469,43.67352234232082,12.840606226649554,5.439036760204861,1.8004815536158545,2.269352396085567,2.6863164380789364
30.67321442827073,38.70510765948005,10.585090183199247,7.776292809258706,2.8717223706476673,2.685059403949099,2.8550632277673693
33.19217509726903,41.90322998927609,11.853294852159337,5.739093556385973,2.3336987729619807,3.09814916951607,2.5007188924311214
46.17951819169101,56.07831404120511,16.356577338649863,6.403165170316722,2.199068719018764,2.4030685392926086,2.0505764269037203
45.16235120482122,56.24974366064531,16.246149443378254,4.411941241052387,1.8013783818140443,3.1166808892417324,1.858712020578482
30.029411062366385,36.12807030073518,10.762182241921751,2.440514721486472,0.8421187095930407,2.4206469571500002,3.1747341595403014
30.198466328124848,38.480245345243695,10.810349217541278,6.485744962481786,2.643940944975014,3.1095314405087584,2.719394850305232
24.972252764495256,31.404881978274194,8.779887030844172,4.825602583503631,1.8746903918517919,2.896715602507754,3.4218402938576493
47.94350590613441,59.0971302190519,17.390149846725613,3.588226317225919,1.4094275535171534,2.944389402746629,1.807382085688409
32.083407736622746,39.92554365497375,11.203639898462582,4.000450216102686,1.5808342539294222,2.970692234660543,2.666381608554195
57.56169259549122,70.061069658569,20.59424151169635,2.627845792068873,0.9860438318139233,2.750335687399157,1.5634875307459772
24.25782894224526,31.188554390007376,8.523352535967595,5.2446119301961405,2.2498999022909114,3.3477892614743388,3.261946011279315
25.027109384954354,31.52116223280882,9.062138655579092,2.870860265097838,1.2326378868965093,3.3519214659071705,3.2259936627177446
39.060471363568304,49.675256641743225,13.635625201397568,7.134177786290933,2.993923379787926,3.2434324060588087,2.073039097854246
24.87331659467387,32.154772309383056,8.694577133826876,7.378453548851188,2.9414417621626066,3.0094196936782556,3.294731731581864
30.32202307813273,36.656864636203615,10.502073731676699,4.629626845088455,1.5376139101722508,2.2811122891777607,3.1947758611427473
22.910122922145504,29.77766858399854,8.219854166986856,6.350420681641634,2.6756043267411354,3.262066079453388,3.450686266958141
54.35264587925182,66.01766779454664,19.12521954496838,2.579174970373584,0.9562767558968047,2.7012768702673333,1.6702069722395707
45.22996789698473,55.485308404629855,15.834434357841685,3.6540628698544864,1.3908367683980138,2.8098393743618524,1.9587315540753447
51.44161507832329,62.77419755383425,18.29041206014962,8.58965717074943,2.9407689554070564,2.3914582326177185,1.8349821781882154
25.663289295856945,31.7941329367447,9.18678629682495,3.7448055656173085,1.4124106596578445,2.771662632460281,3.435522930539124
42.82160683294683,52.0190939876242,14.962920849757674,3.6376094761073783,1.3115131828572286,2.5891983858169527,2.1525078360822936
44.738814454921105,55.07116343997621,15.5357578820812,6.217027829943841,2.282787257920607,2.661915673016054,2.012926122033532
43.02710110329196,53.554118853454035,15.357140904832884,2.671795249229488,1.1232282318842957,3.2517307323791793,1.921013879330686
29.55957010791581,35.617745422887666,10.457809600500138,2.8606936027274075,0.9820210383600179,2.4014029044864755,3.22931784371628
40.61585606975434,50.82259327396004,14.178266925168913,6.556761907672593,2.5683707590636455,2.9324308738290106,2.104839022557073
32.97690536615566,40.58471474105919,11.793164902919232,2.9018903814319126,1.1169733292290391,2.857161388506823,2.66139816910857
43.23003519740262,52.916647963292654,15.38239734160276,2.5624742984333806,0.9809991134095362,2.8341846141072162,2.0472808357215433
42.17891982879482,51.88512522103479,15.08835996008483,4.827037499265297,1.8085491330891637,2.744189457393829,2.112926936085641
31.32751723399744,39.7133747489783,11.248880412604013,6.213703407285062,2.509508428433864,3.0673760383524353,2.648575150180422
40.34340809861579,50.48762222252011,14.552105384001038,6.812475677015526,2.64823777256624,2.8994295169730737,2.1277509934449412
27.448311331658758,33.7104323603975,9.713867885075851,3.3307499811379033,1.229366337881031,2.68290744141169,3.2790386220875263
29.077900528558374,36.28498863835855,10.417452218995395,4.859276042527534,1.8629978992900709,2.8403397919792868,2.9832829036720843
36.54552186316767,45.92789031815286,13.014225010778427,3.975945382412107,1.694970562093792,3.317733077255139,2.222807558134373
34.58117504078527,43.03137294133562,12.244545392084252,2.595805987808348,1.0772044613007874,3.191181046277329,2.407979822399398
27.249183438818626,33.66891894307077,9.574566091964156,5.926262165762758,2.04900009944832,2.428139115595765,3.4028896513261837
34.304132429298065,42.57884609667218,12.26700619151034,3.2539575723156933,1.3056187967547606,3.038168823149864,2.4792489241004896
37.892852840220094,46.90772553417932,13.586480950292913,2.7545640039315105,1.110691795420929,3.0601674375179457,2.2443465104937945
49.63411573228955,60.086616460044,17.39265274113856,3.5779176834233506,1.2811615607118831,2.5622359820495473,1.8705407107666474
28.22068700443413,35.61879757782455,10.01533766634895,7.911810139171839,2.839672320101789,2.5714198379591577,3.151421903121334
36.0069354119967,43.62652909980965,12.861513149041047,4.750670080594522,1.6240061354350788,2.3859014594654444,2.6425209398741947
43.159869371303195,52.14977732082063,15.43663041226722,6.04272039102645,2.0249268040420136,2.3131223837936257,2.2347814573941407
29.977292712579192,37.05856323665106,10.379867442644475,6.59545693916721,2.280082151707427,2.427660082169459,3.091852774287005
42.06773343105523,52.60759864662537,14.982564784916276,3.152759389716436,1.3492716960285065,3.3362933052967407,1.9364150691043445
53.98139953426013,67.88895377669793,19.458930974795443,5.949221824412499,2.543708589060097,3.331869744363173,1.501306781522599
31.41389393045918,38.3546393343576,10.988166620512064,5.273043073853369,1.8083119080926662,2.3976631376518394,3.0005315278776847
51.7259101725244,64.2151930855726,17.983324751961135,7.384708388697076,2.825627230753798,2.8319696307794016,1.687553052514033
45.30223709323658,54.674001862500646,16.31853199341174,3.7870914533626028,1.323922638064532,2.4698032170674145,2.0829218269875875
35.71278371061534,44.633316961177464,12.425376787679246,6.503518362872304,2.473266413401621,2.8061892368217647,2.43613810846858
35.62800710371134,44.215888536770976,12.839732556471212,5.620011947707309,2.1132035192026435,2.758980778357378,2.4745307082001013
28.70016159004159,36.2060139997704,9.918016873619724,7.040514001408914,2.6206167150029036,2.7172254139226553,3.038897788164094
60.603443005204696,73.00000402248138,21.50421861817162,4.435351618588662,1.5489054234513713,2.465782884203555,1.5609273726179203
29.22321868599628,37.10887430235807,10.4582680293609,4.44618700170421,1.921678821011007,3.3837874323787482,2.7302582810823997
61.61199211271572,73.57347321853261,21.765289473859006,6.121003779407171,2.012551916216019,2.2453850184530912,1.600486019645964
30.059989149461952,36.14905806699201,10.631176236282537,2.485487830652176,0.8549376566575092,2.408883460125399,3.178360789960597
49.280785769756655,59.44842301086569,17.10999022459232,7.242231291862816,2.3941162310647837,2.264498685340489,1.974957113504515
34.015279298218296,41.354459321289355,11.993230840596706,3.29748693343341,1.1816913107810485,2.565364675216956,2.7166390000155434
28.21672711897861,35.49514850668642,9.743264990947555,6.598787597573913,2.4516932282643227,2.7097216499759447,3.1028915524459073
29.97447383308229,37.1886940105421,10.531566170386347,6.486140374363222,2.29026488575552,2.5080133223786434,3.045542839330158
26.823936663527952,32.82319321294056,9.33581398081996,2.548877051283892,0.945563415435769,2.7035192733679083,3.3582894344233747
26.887608882598585,34.138702502696916,9.344087712734291,6.471368967425284,2.5055369140368886,2.8821563289598617,3.153717121945506
44.19780268775084,53.81637015706053,15.617631323970478,8.882345094862984,2.915283114063047,2.2391350338747147,2.1901674910264672
26.880055226771706,33.46741772035339,9.482452981395532,6.01730273115461,2.145219944696454,2.545145329657794,3.366410175518612
37.60327837884487,47.89890648860551,13.604764331721055,6.786136315856757,2.8837552183805455,3.302542005520319,2.135099400515177
30.881349931409257,37.74801229367141,11.115264417555512,3.965965918932122,1.41955529263239,2.5607040836424404,2.9781339518787453
55.01830305842696,68.64037187651628,19.75213629570632,5.746869866862787,2.3537415576215768,3.130864965214788,1.520568991871384
26.0217629450966,32.101144263297755,9.016525857671372,4.275741289912686,1.547938100345146,2.605443266492843,3.4802176921737313
38.82310558133402,47.265771471229066,13.918764337270513,4.369508632927549,1.5554507447908175,2.5393630841053025,2.385596273087475
27.712180843271415,33.92193157059221,9.919070974593529,4.667514034617424,1.619519649417625,2.4414529936067413,3.3709690270549912
60.18922558771313,71.70495270449977,21.452912860080573,3.449442536930826,1.1581401762537047,2.320068686544792,1.623616921378445
44.31710668888531,55.784245856846454,15.961745846286291,4.062126930623691,1.7827719599687448,3.4584992958859537,1.800944542011995
44.01057584101226,54.50536401756087,15.750182385071053,5.924208891328524,2.2562099918014256,2.8122483281651536,1.993317231610813
27.77258047291917,35.481240918601834,9.876754544584477,7.0907661899620456,2.789591504986486,2.951258446502315,3.0077361654198262
32.66110614415462,38.90661414359057,11.452125765336255,2.4603813563838877,0.8151315168832285,2.272287178184599,3.014096229397251
31.40874715913304,38.82877313642769,11.278095249683291,4.508600894557042,1.6852937704584858,2.7345567355473097,2.8270471878269046
24.298595379030967,30.791381641637642,8.769020187994078,3.4499679371252183,1.4905317683330601,3.3819278432696613,3.2911256962636775
46.45303343997128,55.91272943784076,16.36930862425771,3.470442865593563,1.2061914061642123,2.447792782996785,2.043266362548739
34.82320799838945,43.44863127196205,12.625314171084105,2.5150811692071584,1.0637604056399668,3.280233922371589,2.359915239559643
35.66460894430808,43.77999133571767,12.484123725408466,5.245817885588678,1.8842030859722143,2.5743289454787903,2.5629098283786105
33.10857879655559,40.614407202284646,11.580044906392859,3.0857537496701037,1.1616921639735334,2.7639970997118177,2.692163910476612
31.025639893733658,39.11484898745557,11.236129980442293,3.6096958432608806,1.5567069104269082,3.3731369432719345,2.5933913641442605
27.828970676106977,35.85090135140579,9.933644356539217,5.99613323568135,2.60615823805811,3.4110213886023253,2.8173227098795337
28.505690827390865,36.06918148160641,10.139745404585708,3.897358685618099,1.6789413260912567,3.3679024065592453,2.8140609964682146
53.69403385681999,67.43043117276713,18.924727376946947,6.065122518259198,2.562157540887403,3.2745163964489037,1.5216221672703927
33.40883689105375,40.99008253432589,12.11059253866248,2.792353133279156,1.0611600101200453,2.8031762076169535,2.6537147622654005
50.4020697720527,60.6400102185956,17.975455259399794,6.337835008897312,2.108664234904201,2.2874044341177298,1.9293917749267109
54.22981150335001,67.30642251648544,19.057517200456576,4.892453610727341,1.9710421270932,3.0563329303451288,1.564886892094374
46.98359654475615,57.93494201874995,17.047047145212606,3.7016974547034396,1.4519867497292345,2.9383665865109045,1.8450477538927241
25.224199131246753,31.948632782136567,9.237904068670499,3.111778865369454,1.3712758456909109,3.478637368467762,3.1374804589681013
38.6854091876977,46.988155598910694,13.50328696633865,2.486684915307452,0.9107689593325772,2.6517744339078813,2.3624677395831157
30.63697986934101,37.75583812985855,10.92185027626776,3.4229175076785463,1.2983475772794326,2.7953076927642364,2.8840225118933094
43.023611710882534,53.209304015068426,15.526878415410067,4.0425374583893205,1.590259243361919,2.9509212806477496,2.0057162365002226
27.81387599827367,34.547833792421066,9.790743222102291,4.11899500677517,1.5718020405370343,2.820555517559122,3.1413923215335586
29.245769756562886,35.80094829350586,10.178160865903164,3.461691285965745,1.2599306221550612,2.626633327636896,3.1114290513364358
35.52823009342761,44.563462793551714,12.383621846632263,6.934239247224648,2.649999162886396,2.8267717285957947,2.433386241768817
35.82550854284206,45.485729060160054,12.6997941742917,6.214095956616785,2.6119719436477418,3.2509274605617984,2.2619825473367996
37.158288443121194,46.270049283540565,12.836614816711345,7.899081625474247,2.8516207325224867,2.594271658104068,2.418248046573362
24.557362529327435,31.152208775767885,8.533808043397247,4.853125664143656,1.9694587359108087,3.089026387385946,3.36749884600294
36.6384582320254,44.809512563436364,13.097784941391325,3.0924463189091584,1.1546813863452696,2.730072536503552,2.451192383644017
24.38769212224708,31.08238434786048,8.419150046140699,6.058829690259865,2.372457208176681,2.9308454543838827,3.4423018147365716
40.85102403312779,49.619548017869135,14.64347809088615,6.343441054083504,2.148150838180323,2.3512660307138447,2.3353339916339895
34.268756708172305,41.358352602836185,12.116910705997325,4.733209407191511,1.5802656509671824,2.2998439628087484,2.823555464943277
34.94741063486696,44.438285620718744,12.508616521022669,6.124459576667012,2.5922762103619763,3.283737213617724,2.306415512266504
41.577093605328564,50.23575682958369,14.669783373580788,2.907208625415914,1.0329235000688846,2.5319372858922176,2.2469158902654103
35.92508309534499,45.15212341484985,12.549479920459046,5.552240660939597,2.2479516134546618,3.078569802635296,2.3263450344154393
41.5012430517935,49.96042228714505,14.904230505134464,3.304410010806191,1.1449879516969725,2.4363125273825705,2.2905186308623158
56.80511076017005,69.21102359851153,20.531256429564337,3.1223045454099396,1.17004804268634,2.744937738672758,1.583830433432515
35.42900998104364,43.3714440951924,12.604306374247875,5.406167544907557,1.9053400317660283,2.5007948272899028,2.6140810265500702
26.36960176630418,33.25512499199211,9.323302581422311,7.830682024530196,2.7495998986845596,2.4865798055190447,3.4162360178388678
24.95335238749003,31.721424326745925,8.773359191484978,5.461981473096485,2.185605439756357,3.026038663920483,3.3328410890641327
28.378762037944814,35.79137788931908,9.973115332051554,5.903863788820797,2.290363756702248,2.8906822238562118,3.004795764607576
27.666186398642765,34.6393334760819,10.051640079594137,2.6578911172344193,1.1221597645261956,3.2718129728859138,2.962992928086278
31.443430247478304,39.65064051708591,11.196033035493892,4.11935738284687,1.7488637539502323,3.2980656818172918,2.5805930635806145
26.953790927330488,33.921340302767426,9.382246090844777,7.489471963282651,2.657267115629515,2.5265200478129217,3.330121465034445
35.88992666632688,44.21649427480309,12.566090693048423,5.698461952480329,2.060692841361835,2.6010087659363292,2.5281908851025197
50.095470266636816,63.54872317842844,17.916659267267967,6.645885929343813,2.9246438616034447,3.4718612231739137,1.5785388284833048
30.11603349703851,37.5554814210957,10.706740974590218,6.218747734281978,2.2764049455891473,2.6495479279335528,2.956741708679292
25.57682543492393,32.409268375400245,8.855505693006847,6.773895821046235,2.523255562503305,2.7202759586045735,3.3935124893844812
27.646913195873797,33.89281295577628,9.73439869824055,6.493324381314465,2.127763374302466,2.2335004783936565,3.4806646075872965
32.41531448099518,40.258727316001625,11.160213798875269,8.447480736624204,2.8647655236408873,2.3565038524258157,2.8760911141482577
33.99551167787714,41.36218223265904,12.03468253517862,4.200010962181544,1.475876117446796,2.4894789028600104,2.745506806479682
40.9268401964173,49.22264556281946,14.455539241085374,3.419601753317948,1.1760600853258663,2.4082932812694584,2.334386837129153
26.856240389115605,33.67226004603179,9.615366093678624,2.2869471139154234,0.9850808569706423,3.367354040902125,3.0145659565510017
58.08314025840366,69.50212533494108,20.62573354493901,6.907499313932602,2.2557811018167047,2.2215702248223774,1.7004911274457533
51.61942271298526,62.060751104570144,18.589805568331787,2.41589933954685,0.8521570580179405,2.5039566830209834,1.8260382276297724
27.602227560753313,33.47014410920128,9.88084384634561,3.840095820568329,1.309245470283656,2.376097397833098,3.449381192097103
26.68103362038447,32.69085480002466,9.301647440644476,2.431673102592164,0.9113694389919631,2.7455155976488537,3.35292759591237
34.123133461725594,41.588482591520595,12.17369296938818,2.3222865331576994,0.86303534067084,2.7107636415611327,2.647899732138021
54.49957963126619,67.79199892420333,19.200624447298228,3.5276770339340384,1.4741522099474176,3.223583545594055,1.522605073178045
32.60535857917495,41.106467409864116,11.441384252578573,7.905362928638681,2.9423609093857293,2.716989738762971,2.6767044419663066
40.99825553516544,50.95453254097135,14.903382107496956,3.41802739033433,1.397282405593965,3.122270524024167,2.0504783620740166
38.79786237804039,47.66226497076018,13.8043709266988,2.335821210827292,0.9112608284133036,2.914829131609067,2.2494439410147526
25.89519730744389,32.52455053567307,9.16238304899089,3.0796954480618473,1.293500829477758,3.2473434469723443,3.16472707932199
25.646572980928468,32.22753571731762,9.20858737512172,2.324006887673648,1.0097940268006078,3.4095179462201233,3.1346106244264735
37.55309182526782,46.86259075366002,13.356199802571963,2.3007921332426164,0.9837548122960413,3.331894992094671,2.174908557928458
32.18103917629452,39.058674650918604,11.292334747188082,5.694341143513823,1.8835778375714365,2.2666820036755806,3.004936675172989
41.22034509689617,50.76063893525116,14.393711575570308,5.287009898863203,1.9658692912465126,2.712944009914601,2.1688023579774973
30.543049178991254,38.931564642484986,10.70695051727687,5.886779546940353,2.47235404553835,3.2470620280899825,2.6439917565671855
51.63676154870897,62.613202047236236,18.239029042080848,4.468163477604181,1.594364397950282,2.5486266780683873,1.7984989394829478
34.409077724919435,41.002824496955235,12.15116823643808,2.6439120946620536,0.8762799492973461,2.2736845618155863,2.8593944336666905
32.014160033584076,39.450890150976,11.126697869897052,6.3561710103547835,2.211309858763754,2.4514659458434274,2.894327384275961
24.52267813558079,31.03187257434048,8.687529549332005,3.377727226129178,1.4540318494189184,3.3643969275466015,3.2721722176270327
39.70603033459853,48.731566474782085,14.167614546046101,6.447086365435164,2.279244455241748,2.5126910607341935,2.3226079441324625
28.581132697199003,36.06161144375257,10.07358546399901,3.9636223528527132,1.6733827568564432,3.271655581424154,2.846184261822434
29.809379277405622,37.21658060017901,10.374964530504759,6.190412173447179,2.2767958155040917,2.6686168566840203,2.975901894795184
48.058162994780936,60.21640722490813,17.69967630247973,2.5890820208693226,1.1436433174473184,3.490356334134092,1.6624592696133453
23.233051953263285,29.849879021485023,8.250852073225396,5.37638975042757,2.250730516580395,3.2319635350804514,3.4545598651328944
28.077837673802488,34.70502664761461,9.924711841823196,5.089325312080957,1.8288986674667296,2.5762713781053344,3.23220309075567
38.353258839944694,47.133042651087784,13.643667836488799,4.06321187645698,1.5266262685045857,2.7557323903173483,2.322380951738982
28.329348493893118,35.61538558510632,9.926788185467792,8.185752180325855,2.8557526852575714,2.461986891408207,3.201149056030232
26.762706544604498,34.037707944071826,9.225563428143966,6.434261713193395,2.5149367431329397,2.9230479004190153,3.1465464253600604
30.28102607440383,37.50054040457529,10.755691309316028,8.371495856426115,2.7578094279982976,2.2521805168109768,3.1367608495590704
44.5329870138691,54.50915088884574,15.530996269460745,7.098181120829107,2.4837994004876895,2.473414123171532,2.0881349243535556
29.906720411148132,35.95750692910912,10.782137466372369,3.1960336363865025,1.0771014320345882,2.33369536980472,3.231124766344407
28.514382233908503,35.91972803136515,10.28010322478584,3.5628610985910085,1.5135246301733398,3.3009533917576386,2.8476777965400095
31.37373070807588,39.53065452542946,11.133698149733348,5.806595091757613,2.3015714109829877,2.9840951561598312,2.688483654617194
